16_accords_of_madness	16 соглашений безумия
1st_era	Первая эра, Первой эры, Первой эре, Первой эрой
2nd_era	Вторая эра, Второй эры, Второй эре, Второй эрой
3rd_era	Третья эра, Третьей эры, Третьей эре, Третьей эрой
4th_era	Четвертая эра, Четвертой эры, Четвертой эре, Четвертой эрой
a_children's_anuad	Детский Ануад, Детского Ануада, Детскому Ануаду, Детским Ануадом, Детском Ануаде
a_dance_in_fire	Танец в огне, Танца в огне, Танцу в огне, Танцем в огне, Танце в огне
a_dream_of_sovngarde	Сон о Совнгарде, Сна о Совнгарде, Сну о Совнгарде, Сном о Совнгарде, Сне о Совнгарде
a_game_at_dinner	Игра за ужином, Игры за ужином, Игре за ужином, Игрой за ужином
a_hypothetical_treachery	Гипотетическое предательство, Гипотетического предательства, Гипотетическому предательству, Гипотетическим предательством, Гипотетическом предательстве
a_kiss_sweet_mother	Поцелуй, нежная мать, Поцелуя, нежная мать, Поцелую, нежная мать, Поцелуем, нежная мать, Поцелуе, нежная мать
a_minor_maze	Малый лабиринт, Малого лабиринта, Малому лабиринту, Малым лабиринтом, Малом лабиринте
a_tragedy_in_black	Трагедия в черном, Трагедии в черном, Трагедией в черном
abacean_longfish	Абацеанская длиннорыб, Абацеанской длиннорыбы, Абацеанской длиннорыбе, Абацеанской длиннорыбой
abandoned_lodge	Заброшенный домик, Заброшенного домика, Заброшенному домику, Заброшенным домиком, Заброшенном домике
abandoned_prison	Заброшенная тюрьма, Заброшенной тюрьмы, Заброшенной тюрьме, Заброшенной тюрьмой
abandoned_shack	Заброшенная хижина, Заброшенной хижины, Заброшенной хижине, Заброшенной хижиной
absorb_health	
absorb_magicka	
absorb_stamina	
adamantine_tower	Адамантиновая башня, Адамантиновой башни, Адамантиновой башне, Адамантиновой башней
addvar's_house	Дом Аддвара, Дома Аддвара, Дому Аддвара, Домом Аддвара, Доме Аддвара
advances_in_lockpicking	Успехи во взломе, Успехов во взломе, Успехам во взломе, Успехами во взломе, Успехах во взломе
aedra	Аэдра
aedra_and_daedra	Аэдра и Даэдра
aerin's_house	Дом Эрина, Дома Эрина, Дому Эрина, Домом Эрина, Доме Эрина
aetherium_forge	Кузница Эфириума, Кузницы Эфириума, Кузнице Эфириума, Кузницей Эфириума
aetherius	Этериус, Этериуса, Этериусу, Этериусом, Этериусе
aevar_stone-singer	Эвар Камнепев, Эвара Камнепева, Эвару Камнепеву, Эваром Камнепевом, Эваре Камнепеве
ahzidal	Азидал, Азидала, Азидалу, Азидалом, Азидале
ahzidal's_descent	Нисхождение Азидала, Нисхождения Азидала, Нисхождению Азидала, Нисхождением Азидала, Нисхождении Азидала
ahzirr_traajijazeri	Азирр Трааджиджери, Азирра Трааджиджери, Азирру Трааджиджери, Азирром Трааджиджери, Азирре Трааджиджери
akatosh	Акатош, Акатоша, Акатошу, Акатошем, Акатоше
akavir	Акавир, Акавира, Акавиру, Акавиром, Акавире
alchemist's_shack	Хижина алхимика, Хижины алхимика, Хижине алхимика, Хижиной алхимика
aldmeri	Альдмеры, Альдмеров, Альдмерам, Альдмерами, Альдмерах
aldmeri_pantheon	Альдмерский пантеон, Альдмерского пантеона, Альдмерскому пантеону, Альдмерским пантеоном, Альдмерском пантеоне
alduin	Алдуин, Алдуина, Алдуину, Алдуином, Алдуине
alduin_is_real	Алдуин реален, и он не Акатош, Алдуина реального, и он не Акатош, Алдуину реальному, и он не Акатош, Алдуином реальным, и он не Акатош, Алдуине реальном, и он не Акатош
alessia	Алессия, Алессии, Алессией
arctic_char	
arctic_grayling	
arcwind_point	Арквинд-Пойнт
aretino_residence	Резиденция Аретино
argonian	аргониане
argonian_account	Аргонианский счёт
argonian_ale	Аргонианский эль
argonian_assemblage	Аргонианский квартал
arkay	Аркей
arkngthamz	Аркнгтамз
armor	
arniel's_convection	Конвекция Арньеля
arnleif_and_sons_trading_company	Торговая компания «Арнлейф и сыновья»
ash_blight	Пепельная порча
ash_creep_cluster	Пепельный ползучий куст
ash_hopper_jelly	Пепельное желе прыгуна
ash_rune	Пепельная руна
ash_shell	Пепельная оболочка
ash_spawn	пепельные порождения
ashen_grass_pod	Пепельный стручок травы
ashfall's_tear	Пепельная слеза
ashfallow_citadel	Цитадель Пепельного поля
aster_bloom_core	Сердцевина астры
ataxia	
atheron_residence	Резиденция Атерон
atlas_of_Dragons	Атлас драконов
atmora	Атмора
aura_whisper	Шёпот ауры
aurbis	Аурбис
auriels_bow	Лук Ауриэля
autumnshade_clearing	Поляна Осенней Тени
autumnwatch_tower	Башня Осеннего Дозора
avanchnzel	Аванчназел
aversion_poisons	
ayleid_crown_of_nenalata	Айлейдская корона Неналаты
ayleids	айлейды
azura	Азура
azura_and_the_box	Азура и шкатулка
azura_star	Звезда Азуры
azurah	Азура
alessian_empire	Алессианская Империя, Алессианской Империи, Алессианской Империей
alessian_slave_rebellion	Алессианское Восстание Рабов, Алессианского Восстания Рабов, Алессианскому Восстанию Рабов, Алессианским Восстанием Рабов, Алессианском Восстании Рабов
alftand	Альфтанд, Альфтанда, Альфтанду, Альфтандом, Альфтанде
alinor	Алинор, Алинора, Алинору, Алинором, Алиноре
all-maker	Всесоздатель, Всесоздателя, Всесоздателю, Всесоздателем, Всесоздателе
almalexia	Алмалексия, Алмалексии, Алмалексией
alocasia_fruit	
aloe_vera_leaves	
alor_house	Дом Алора, Дома Алора, Дому Алора, Домом Алора, Доме Алора
altar_of_thrond	Алтарь Тронда, Алтаря Тронда, Алтарю Тронда, Алтарём Тронда, Алтаре Тронда
alteration	Изменение
altmer	Альтмеры, Альтмеров, Альтмерам, Альтмерами, Альтмерах
alva's_house	Дом Альвы, Дома Альвы, Дому Альвы, Домом Альвы, Доме Альвы
ambrosia	
amongst_the_draugr	Среди Драугров
amren's_house	Дом Амрена, Дома Амрена, Дому Амрена, Домом Амрена, Доме Амрена
amulet_of_kings	Амулет Королей, Амулета Королей, Амулету Королей, Амулетом Королей, Амулете Королей
an_accounting_of_the_scrolls	Учёт Свитков, Учёта Свитков, Учёту Свитков, Учётом Свитков, Учёте Свитков
ancestor_glade	Поляна Предков, Поляны Предков, Поляне Предков, Поляной Предков
ancestor_moth_wing	Крыло Мотылька-Предка, Крыла Мотылька-Предка, Крылу Мотылька-Предка, Крылом Мотылька-Предка, Крыле Мотылька-Предка
ancestors_and_the_dunmer	Предки и Данмеры, Предков и Данмеров, Предкам и Данмерам, Предками и Данмерами, Предках и Данмерах
ancestral_worship	Поклонение Предкам, Поклонения Предкам, Поклонению Предкам, Поклонением Предкам, Поклонении Предкам
ancient's_ascent	Восхождение Древнего, Восхождения Древнего, Восхождению Древнего, Восхождением Древнего, Восхождении Древнего
ancient_nord_equipment	Древнее Нордское Снаряжение, Древнего Нордского Снаряжения, Древнему Нордскому Снаряжению, Древним Нордским Снаряжением, Древнем Нордском Снаряжении
anga's_mill	Мельница Анги, Мельницы Анги, Мельнице Анги, Мельницей Анги
angarvunde	Ангварвунд, Ангварвунда, Ангварвунду, Ангварвундом, Ангварвунде
angelfish	
angeline's_aromatics	Ароматы Анжелины, Ароматов Анжелины, Ароматам Анжелины, Ароматами Анжелины, Ароматах Анжелины
angi's_camp	Лагерь Анги, Лагеря Анги, Лагерю Анги, Лагерем Анги, Лагере Анги
angler	
angler_larvae	
animal_allegiance	Звериная верность, Звериной верности, Звериной верностью
anise's_cabin	Хижина Анис, Хижины Анис, Хижине Анис, Хижиной Анис
annals_of_the_dragonguard	Анналы Драконьей Стражи, Анналов Драконьей Стражи, Анналам Драконьей Стражи, Анналами Драконьей Стражи, Анналах Драконьей Стражи
ansilvund	Ансилвунд, Ансилвунда, Ансилвунду, Ансилвундом, Ансилвунде
anu	
anvil	Анвил, Анвила, Анвилу, Анвилом, Анвиле
apocrypha	Апокриф, Апокрифа, Апокрифу, Апокрифом, Апокрифе
arcadia's_cauldron	Котёл Аркадии, Котла Аркадии, Котлу Аркадии, Котлом Аркадии, Котле Аркадии
arcana_restored	Восстановленная магия, Восстановленной магии, Восстановленной магией
baan_dar	Баан Дар, Баан Дара, Баан Дару, Баан Даром, Баан Даре
baldor_iron-shaper's_house	Дом Балдора Кузнеца, Дома Балдора Кузнеца, Дому Балдора Кузнеца, Домом Балдора Кузнеца, Доме Балдора Кузнеца
balgruuf	Балгруф, Балгруфа, Балгруфу, Балгруфом, Балгруфе
balmora	Балмора, Балморы, Балморе, Балморой
balmora_blue	Балморская синь, Балморской сини, Балморской синью
banded_iron_equipment	
bane_of_the_undead	Погибель нежити, Погибели нежити, Погибелью нежити
banish	Изгнание, Изгнания, Изгнанию, Изгнанием, Изгнании
banish_daedra	Изгнание даэдра, Изгнания даэдра, Изгнанию даэдра, Изгнанием даэдра, Изгнании даэдра
bannermist_tower	Башня Баннермист, Башни Баннермист, Башне Баннермист, Башней Баннермист
bard's_leap_summit	Уступ Барда, Уступа Барда, Уступу Барда, Уступом Барда, Уступе Барда
bards_college	Коллегия Бардов, Коллегии Бардов, Коллегией Бардов
battle-born_farm	Ферма Боевой Родни, Фермы Боевой Родни, Ферме Боевой Родни, Фермой Боевой Родни
battle_fury	Боевая Ярость, Боевой Ярости, Боевой Яростью
battle_of_moesring	Битва у Моэсринга, Битвы у Моэсринга, Битве у Моэсринга, Битвой у Моэсринга
bear	
bear_claws	Медвежьи Когти, Медвежьих Когтей, Медвежьим Когтям, Медвежьими Когтями, Медвежьих Когтях
beast_stone	Камень Зверя, Камня Зверя, Камню Зверя, Камнем Зверя, Камне Зверя
become_ethereal	Стать Бесплотным
bee	
beehive_husk	Скорлупа Улья, Скорлупы Улья, Скорлупе Улья, Скорлупой Улья
before_the_ages_of_Man	До Эпох Человека
beggar's_row	Ряд Нищих, Ряда Нищих, Ряду Нищих, Рядом Нищих, Ряде Нищих
beggar_prince	Принц-Нищий, Принца-Нищего, Принцу-Нищему, Принцем-Нищим, Принце-Нищем
beitild's_house	Дом Бейтильд, Дома Бейтильд, Дому Бейтильд, Домом Бейтильд, Доме Бейтильд
belethor's_general_goods	Товары Белетора, Товаров Белетора, Товарам Белетора, Товарами Белетора, Товарах Белетора
belyn_hlaalu's_house	Дом Белина Хлаалу, Дома Белина Хлаалу, Дому Белина Хлаалу, Домом Белина Хлаалу, Доме Белина Хлаалу
bend_will	Склонить Волю
benkongerike	Бенконгерике
bilegulch_mine	Шахта Желчный Поток, Шахты Желчный Поток, Шахте Желчный Поток, Шахтой Желчный Поток
biography_of_barenziah	Биография Барензии, Биографии Барензии, Биографией Барензии
biography_of_the_wolf_queen	Биография Королевы-Волчицы, Биографии Королевы-Волчицы, Биографией Королевы-Волчицы
birna's_oddments	Разное Бирны, Разного Бирны, Разному Бирны, Разным Бирны, Разном Бирны
bits_and_pieces	Мелочи и Безделушки, Мелочей и Безделушек, Мелочам и Безделушкам, Мелочами и Безделушками, Мелочах и Безделушках
bittergreen_petals	Лепестки Горькой Зелени, Лепестков Горькой Зелени, Лепесткам Горькой Зелени, Лепестками Горькой Зелени, Лепестках Горькой Зелени
black-briar_manor	Блэк-Брайар Мэнор, Черно-Брайарская усадьба, Черно-Брайарская Усадьба, Блэк-Брайара, Блэк-Брайару, Блэк-Брайаром, Блэк-Брайаре
black-briar_meadery	Блэк-Брайар Мидэри, Черно-Брайарская медовуха, Блэк-Брайарской медовни, Блэк-Брайару, Блэк-Брайаром, Блэк-Брайаре
black_books	Черные книги, Черных книг, Черным книгам, Черными книгами, Черных книгах
black_briar	Блэк-Брайары, Черно-Брайары, Блэк-Брайаров, Блэк-Брайарам, Блэк-Брайарами, Блэк-Брайарах
black_briar_lodge	Блэк-Брайар Лодж, Черно-Брайарский домик, Блэк-Брайар-лоджа, Блэк-Брайар-лоджу, Блэк-Брайар-лоджем, Блэк-Брайар-лодже
black_heart_blight	Черно-Сердечная гниль, Черно-Сердечной гнили, Черно-Сердечной гнилью
black_marsh	Черное болото, Черного болота, Черному болоту, Черным болотом, Черном болоте
blacklight	Блэклайт, Блэклайта, Блэклайту, Блэклайтом, Блэклайте
blackreach	Блэкрич, Блэкрича, Блэкричу, Блэкричем, Блэкриче
blackwood_company	Блэквудская компания, Блэквудской компании, Блэквудской компанией
blade_of_woe	Клинок страданий, Клинка страданий, Клинку страданий, Клинком страданий, Клинке страданий
blades	Блейды, Клинки, Блейдов, Блейдам, Блейдами, Блейдах
bleak_falls_barrow	Блик-Фоллз Барроу, Унылый курган, Блик-Фоллза, Блик-Фоллзу, Блик-Фоллзом, Блик-Фоллзе
bleakcoast_cave	Бликкост-кейв, Пещера Пустынного побережья, Бликкост-кейва, Бликкост-кейву, Бликкост-кейвом, Бликкост-кейве
bleakfalls_tower	Бликфоллз-тауэр, Башня Унылого водопада, Бликфоллз-тауэра, Бликфоллз-тауэру, Бликфоллз-тауэром, Бликфоллз-тауэре
bleakwind_basin	Бликвинд-бейсин, Бассейн Студеного ветра, Бликвинд-бейсина, Бликвинд-бейсину, Бликвинд-бейсином, Бликвинд-бейсине
bleakwind_bluff	Бликвинд-блафф, Утес Студеного ветра, Бликвинд-блаффа, Бликвинд-блаффу, Бликвинд-блаффом, Бликвинд-блаффе
bleeding_crown	Кровоточащая корона, Кровоточащей короны, Кровоточащей короне, Кровоточащей короной
blind_cliff_cave	Блайнд-клифф-кейв, Слепая скала, Блайнд-клифф-кейва, Блайнд-клифф-кейву, Блайнд-клифф-кейвом, Блайнд-клифф-кейве
blind_watchers_eye	Глаз слепого стража, Глаза слепого стража, Глазу слепого стража, Глазом слепого стража, Глазе слепого стража
bliss_bug_thorax	Торакс блаженного жука, Торакса блаженного жука, Тораксу блаженного жука, Тораксом блаженного жука, Тораксе блаженного жука
blister_pod_cap	Шляпка волдырного стручка, Шляпки волдырного стручка, Шляпке волдырного стручка, Шляпкой волдырного стручка
blisterwort	Блистерворт, Волдырник, Блистерворта, Блистерворту, Блистервортом, Блистерворте
blizzard	Близзард, Вьюга, Близзарда, Близзарду, Близзардом, Близзарде
blizzard_rest	Близзард-рест, Отдых в вьюгу, Близзард-реста, Близзард-ресту, Близзард-рестом, Близзард-ресте
bloated_man's_grotto	Грот Вздутого Человека, Грота Вздутого Человека, Гроту Вздутого Человека, Гротом Вздутого Человека, Гроте Вздутого Человека
blood_horkers	Кровавые Хоркеры, Кровавых Хоркеров, Кровавым Хоркерам, Кровавыми Хоркерами, Кровавых Хоркерах
bloodgrass	Кровавая Трава, Кровавой Травы, Кровавой Траве, Кровавой Травой
bloodlet_throne	Кровавый Трон, Кровавого Трона, Кровавому Трону, Кровавым Троном, Кровавом Троне
bloodskal_barrow	Курган Кровавого Черепа, Кургана Кровавого Черепа, Кургану Кровавого Черепа, Курганом Кровавого Черепа, Кургане Кровавого Черепа
bloodthirst	Кровожадность, Кровожадности, Кровожадностью
bloodworm_helm	Шлем Кровавого Червя, Шлема Кровавого Червя, Шлему Кровавого Червя, Шлемом Кровавого Червя, Шлеме Кровавого Червя
blue_butterfly_wing	Крыло Голубой Бабочки, Крыла Голубой Бабочки, Крылу Голубой Бабочки, Крылом Голубой Бабочки, Крыле Голубой Бабочки
blue_dartwing	Голубое Стрелокрылое, Голубого Стрелокрылого, Голубому Стрелокрылому, Голубым Стрелокрылым, Голубом Стрелокрылом
blue_mountain_flower	Голубой Горный Цветок, Голубого Горного Цветка, Голубому Горному Цветку, Голубым Горным Цветком, Голубом Горном Цветке
blue_palace	Синий Дворец, Синего Дворца, Синему Дворцу, Синим Дворцом, Синем Дворце
boar_tusk	Кабаний Клык, Кабаньего Клыка, Кабаньему Клыку, Кабаньим Клыком, Кабаньем Клыке
boethiah	Боэтия, Боэтии, Боэтией
boethiah's_glory	Слава Боэтии, Славы Боэтии, Славе Боэтии, Славой Боэтии
bog_beacon	Болотный Маяк, Болотного Маяка, Болотному Маяку, Болотным Маяком, Болотном Маяке
bolli's_house	Дом Болли, Дома Болли, Дому Болли, Домом Болли, Доме Болли
bone_break_fever	Костоломная Лихорадка, Костоломной Лихорадки, Костоломной Лихорадке, Костоломной Лихорадкой
bone_meal	Костная Мука, Костной Муки, Костной Муке, Костной Мукой
bonechill_passage	Проход Костяного Холода, Прохода Костяного Холода, Проходу Костяного Холода, Проходом Костяного Холода, Проходе Костяного Холода
bonemold_armor	Костяная Броня, Костяной Брони, Костяной Броне, Костяной Броней
bonemold_boots	Костяные Сапоги, Костяных Сапог, Костяным Сапогам, Костяными Сапогами, Костяных Сапогах
bonemold_equipment	Костяное Снаряжение, Костяного Снаряжения, Костяному Снаряжению, Костяным Снаряжением, Костяном Снаряжении
bonemold_gauntlets	Костяные Перчатки, Костяных Перчаток, Костяным Перчаткам, Костяными Перчатками, Костяных Перчатках
bonemold_guard_armor	Костяная Броня Стража, Костяной Брони Стража, Костяной Броне Стража, Костяной Броней Стража
bonemold_helmet	Костяной Шлем, Костяного Шлема, Костяному Шлему, Костяным Шлемом, Костяном Шлеме
bonemold_pauldron_armor	Костяной доспех, Костяного доспеха, Костяному доспеху, Костяным доспехом, Костяном доспехе
bonemold_shield	Костяной щит, Костяного щита, Костяному щиту, Костяным щитом, Костяном щите
bonestrewn_crest	Усеянный костями гребень, Усеянного костями гребня, Усеянному костями гребню, Усеянным костями гребнем, Усеянном костями гребне
boots_of_the_crusader	Сапоги Крестоносца, Сапог Крестоносца, Сапогам Крестоносца, Сапогами Крестоносца, Сапогах Крестоносца
bosmer	Босмер, Босмера, Босмеру, Босмером, Босмере
boulderfall_cave	Пещера Камнепада, Пещеры Камнепада, Пещере Камнепада, Пещерой Камнепада
bound_battleaxe	Связанная боевая секира, Связанной боевой секиры, Связанной боевой секире, Связанной боевой секирой
bound_bow	Связанный лук, Связанного лука, Связанному луку, Связанным луком, Связанном луке
bound_dagger	Связанный кинжал, Связанного кинжала, Связанному кинжалу, Связанным кинжалом, Связанном кинжале
bound_sword	Связанный меч, Связанного меча, Связанному мечу, Связанным мечом, Связанном мече
bound_weapon	Связанное оружие, Связанного оружия, Связанному оружию, Связанным оружием, Связанном оружии
bow_of_shadows	Лук Теней, Лука Теней, Луку Теней, Луком Теней, Луке Теней
brain_rot	Гниль мозга, Гнили мозга, Гнилью мозга
brandy-mug_farm	Ферма Бренди-Кружка, Фермы Бренди-Кружка, Ферме Бренди-Кружка, Фермой Бренди-Кружка
bravil	Бравил, Бравила, Бравилу, Бравилом, Бравиле
breathing_water	Дышащая вода, Дышащей воды, Дышащей воде, Дышащей водой
breezehome	Ветреный дом, Ветреного дома, Ветреному дому, Ветреным домом, Ветреном доме
breton	Бретон, Бретона, Бретону, Бретоном, Бретоне
briar_heart	Сердце шиповника, Сердца шиповника, Сердцу шиповника, Сердцем шиповника
briarheart_geis	Гейс Сердца шиповника, Гейса Сердца шиповника, Гейсу Сердца шиповника, Гейсом Сердца шиповника, Гейсе Сердца шиповника
brief_history_of_the_empire	Краткая история Империи, Краткой истории Империи, Краткой историей Империи
brina's_house	Дом Брины, Дома Брины, Дому Брины, Домом Брины, Доме Брины
brinewater_grotto	Грот Соленой воды, Грота Соленой воды, Гроту Соленой воды, Гротом Соленой воды, Гроте Соленой воды
bristleback_cave	Пещера Щетинистой спины, Пещеры Щетинистой спины, Пещере Щетинистой спины, Пещерой Щетинистой спины
brittleshin_pass	Проход Ломкой голени, Прохода Ломкой голени, Проходу Ломкой голени, Проходом Ломкой голени, Проходе Ломкой голени
brodir_grove	Бродир Гроув, Бродира, Бродиру, Бродиром, Бродире
broken_fang_cave	Пещера Сломанного Клыка, Пещеры Сломанного Клыка, Пещере Сломанного Клыка, Пещерой Сломанного Клыка
broken_helm_hollow	Лощина Сломанного Шлема, Лощины Сломанного Шлема, Лощине Сломанного Шлема, Лощиной Сломанного Шлема
broken_limb_camp	Лагерь Сломанной Конечности, Лагеря Сломанной Конечности, Лагерю Сломанной Конечности, Лагерем Сломанной Конечности, Лагере Сломанной Конечности
broken_oar_grotto	Грот Сломанного Весла, Грота Сломанного Весла, Гроту Сломанного Весла, Гротом Сломанного Весла, Гроте Сломанного Весла
broken_tower_redoubt	Редут Сломанной Башни, Редута Сломанной Башни, Редуту Сломанной Башни, Редутом Сломанной Башни, Редуте Сломанной Башни
broken_tusk_mine	Шахта Сломанного Клыка, Шахты Сломанного Клыка, Шахте Сломанного Клыка, Шахтой Сломанного Клыка
bronze_water_cave	Пещера Бронзовой Воды, Пещеры Бронзовой Воды, Пещере Бронзовой Воды, Пещерой Бронзовой Воды
brood_cavern	Пещера Выводка, Пещеры Выводка, Пещере Выводка, Пещерой Выводка
brook_bass	
brothers_of_darkness	Братья Тьмы, Братьев Тьмы, Братьям Тьмы, Братьями Тьмы, Братьях Тьмы
brown_rot	
bruca's_leap_redoubt	Редут Прыжка Бруки, Редута Прыжка Бруки, Редуту Прыжка Бруки, Редутом Прыжка Бруки, Редуте Прыжка Бруки
bruma	Брума, Брумы, Бруме, Брумой
brunwulf_free-winter's_house	Дом Брунвульфа Свободной Зимы, Дома Брунвульфа Свободной Зимы, Дому Брунвульфа Свободной Зимы, Домом Брунвульфа Свободной Зимы, Доме Брунвульфа Свободной Зимы
bryling's_house	Дом Брилинга, Дома Брилинга, Дому Брилинга, Домом Брилинга, Доме Брилинга
bthardamz	Бтардамз, Бтардамза, Бтардамзу, Бтардамзом, Бтардамзе
bujold's_retreat	Убежище Бужольда, Убежища Бужольда, Убежищу Бужольда, Убежищем Бужольда
bunglers_bane	Погибель Неумех, Погибели Неумех, Погибелью Неумех
burnt_spriggan_wood	Древесина Горелого Сприггана, Древесины Горелого Сприггана, Древесине Горелого Сприггана, Древесиной Горелого Сприггана
butterfly_wing	
caerellius_house	Дом Каереллиев, Дома Каереллиев, Дому Каереллиев, Домом Каереллиев, Доме Каереллиев
calixto's_house_of_curiosities	Дом Диковин Каликсто, Дома Диковин Каликсто, Дому Диковин Каликсто, Домом Диковин Каликсто, Доме Диковин Каликсто
call_dragon	Призыв Дракона, Призыва Дракона, Призыву Дракона, Призывом Дракона, Призыве Дракона
call_of_valour	Зов Доблести, Зова Доблести, Зову Доблести, Зовом Доблести, Зове Доблести
call_to_arms	Призыв к оружию
calm	
calvicus_vile	Клавикус Вайл
camora_tong	Камора Тонг
camoran_dynasty	Династия Каморан
candlehearth_hall	Зал Свечного Очага
candlelight	Свечной свет
canis_root	Корень каниса
carlotta_valentia's_house	Дом Карлотты Валентии
carp	
castle_dour	Замок Доур
castle_karstaag_caverns	Пещеры замка Карстааг
castle_karstaag_ruins	Руины замка Карстааг
castle_volkihar	Замок Волкихар
catalogue_of_armor_enchantments	Каталог зачарований брони
catalogue_of_weapon_enchantments	Каталог зачарований оружия
catfish	
cats_of_skyrim	Кошки Скайрима
chain_lightning	Цепная молния
chance's_folly	Глупость Шанса
chaos_damage	Урон хаоса
charred_skeever_hide	Обгоревшая шкура скивера
charwich-koniinge_letters	Письма Чарвича и Конинге
chaurus	Хаурус
chaurus_eggs	Яйца хауруса
chaurus_hunter_antennae	Усики охотника за хавром, Усиков охотника за хавром, Усикам охотника за хавром, Усиками охотника за хавром, Усиках охотника за хавром
cherim's_heart	Сердце Черима, Сердца Черима, Сердцу Черима, Сердцем Черима
cheydinhal	Чейдинхол, Чейдинхола, Чейдинхолу, Чейдинхолом, Чейдинхоле
chicken_egg	
children_of_the_all-maker	Дети Всесоздателя, Детей Всесоздателя, Детям Всесоздателя, Детьми Всесоздателя, Детях Всесоздателя
children_of_the_sky	Дети Неба, Детей Неба, Детям Неба, Детьми Неба, Детях Неба
chillfurrow_farm	Ферма Хладная Борозда, Фермы Хладная Борозда, Ферме Хладная Борозда, Фермой Хладная Борозда
chillrend	Ледяной Осколок, Ледяного Осколка, Ледяному Осколку, Ледяным Осколком, Ледяном Осколке
chillwind_depths	Глубины Холодного Ветра, Глубин Холодного Ветра, Глубинам Холодного Ветра, Глубинами Холодного Ветра, Глубинах Холодного Ветра
chim	ЧИМа, ЧИМу, ЧИМом, ЧИМе
chimarvamidium	Чимарвамидиум, Чимарвамидиума, Чимарвамидиуму, Чимарвамидиумом, Чимарвамидиуме
chimer	Химеры, Химер, Химерам, Химерами, Химерах
chitin_equipment	Хитиновое снаряжение, Хитинового снаряжения, Хитиновому снаряжению, Хитиновым снаряжением, Хитиновом снаряжении
chokeberry	Удушающая ягода, Удушающей ягоды, Удушающей ягоде, Удушающей ягодой
chokeweed	Удушающая трава, Удушающей травы, Удушающей траве, Удушающей травой
chorrol	Чоррол, Чоррола, Чорролу, Чорролом, Чорроле
chronicles_of_nchuleft	Хроники Нчулефта, Хроник Нчулефта, Хроникам Нчулефта, Хрониками Нчулефта, Хрониках Нчулефта
chrysamere	Хризамера, Хризамеры, Хризамере, Хризамерой
cidhna_mine	Шахта Сидна, Шахты Сидна, Шахте Сидна, Шахтой Сидна
circle_of_protection	Круг защиты, Круга защиты, Кругу защиты, Кругом защиты, Круге защиты
clairvoyance	Ясновидение, Ясновидения, Ясновидению, Ясновидением, Ясновидении
clan_shatter-shield_office	Контора клана Щит-Осколок, Конторы клана Щит-Осколок, Конторе клана Щит-Осколок, Конторой клана Щит-Осколок
clear_skies	Ясное небо, Ясного неба, Ясному небу, Ясным небом, Ясном небе
clearpine_pond	Пруд Чистая Сосна, Пруда Чистая Сосна, Пруду Чистая Сосна, Прудом Чистая Сосна, Пруде Чистая Сосна
clearspring_tarn	Озерцо Чистый Родник, Озерца Чистый Родник, Озерцу Чистый Родник, Озерцом Чистый Родник, Озерце Чистый Родник
cliff_racer	Скалолаз, Скалолаза, Скалолазу, Скалолазом, Скалолазе
cliffside_retreat	Утёсное убежище, Утёсного убежища, Утёсному убежищу, Утёсным убежищем, Утёсном убежище
clockwork_city	Часовой город, Часового города, Часовому городу, Часовым городом, Часовом городе
close_wounds	Закрытие ран, Закрытия ран, Закрытию ран, Закрытием ран, Закрытии ран
cloud_ruler_temple	Храм Облачного Властелина, Храма Облачного Властелина, Храму Облачного Властелина, Храмом Облачного Властелина, Храме Облачного Властелина
cod	
coda_flower	Цветок кода, Цветка кода, Цветку кода, Цветком кода, Цветке кода
cold_rock_pass	Проход Холодной Скалы, Прохода Холодной Скалы, Проходу Холодной Скалы, Проходом Холодной Скалы, Проходе Холодной Скалы
coldcinder_cave	Пещера Холодного Пепла, Пещеры Холодного Пепла, Пещере Холодного Пепла, Пещерой Холодного Пепла
coldharbour	Холодная Гавань, Холодной Гавани, Холодной Гаванью
college_of_winterhold	Коллегия Винтерхолда, Коллегии Винтерхолда, Коллегией Винтерхолда
colovia	Коловия, Коловии, Коловией
command	
command_daedra	Повеление даэдра, Повеления даэдра, Повелении даэдра
companions	Соратники, Соратников, Соратникам, Соратниками, Соратниках
congealed_putrescence	Застывшая гниль, Застывшей гнили, Застывшей гнилью
conjuration	Колдовство, Колдовства, Колдовству, Колдовством, Колдовстве
conjure	
conjure_ash_guardian	Призыв пепельного стража, Призыва пепельного стража, Призыву пепельного стража, Призывом пепельного стража, Призыве пепельного стража
conjure_ash_spawn	Призыв пепельного порождения, Призыва пепельного порождения, Призыву пепельного порождения, Призывом пепельного порождения, Призыве пепельного порождения
conjure_dragon_priest	Призыв жреца-дракона, Призыва жреца-дракона, Призыву жреца-дракона, Призывом жреца-дракона, Призыве жреца-дракона
conjure_dremora_lord	Призыв лорда-дреморы, Призыва лорда-дреморы, Призыву лорда-дреморы, Призывом лорда-дреморы, Призыве лорда-дреморы
conjure_familiar	Призыв фамильяра, Призыва фамильяра, Призыву фамильяра, Призывом фамильяра, Призыве фамильяра
conjure_flame_atronach	Призыв огненного атронаха, Призыва огненного атронаха, Призыву огненного атронаха, Призывом огненного атронаха, Призыве огненного атронаха
conjure_frost_atronach	Призыв ледяного атронаха, Призыва ледяного атронаха, Призыву ледяного атронаха, Призывом ледяного атронаха, Призыве ледяного атронаха
conjure_mistman	Призыв Туманника
conjure_seeker	Призыв Искателя
conjure_storm_atronach	Призыв Штормового Атронаха
control_poisons	
corkbulb_root	Корень Пробковой Луковицы
cornberry	Кукурузная Ягода
corpselight_farm	Ферма Мертвецкий Свет
corrundum	Корунд
courage	
cowflop_farm	Ферма Коровья Лепешка
crabber's_shanty	Хижина Краболова
cracked_tusk_keep	Крепость Треснувшего Клыка
cradle_stone_tower	Башня Колыбельного Камня
cradlecrush_rock	Скала Крушитель Колыбелей
cragslane_cavern	Пещера Утёсного Переулка
cragwallow_slope	Склон Утёсной Топи
creep_cluster	Гроздь Ползучего
crimson_nirnroot	Багровый Нирнрут
cronvangr_cave	Пещера Кронвангр
crown_of_barenziah	Корона Барензии
crystal_tower	Хрустальная Башня
crystaldrift_cave	Пещера Хрустального Дрейфа
cuirass_of_the_crusader	Кираса Крестоносца
curative_potions	
cure_disease	
cyclone	Циклон, Циклона, Циклону, Циклоном, Циклоне
cyrodiil	Сиротил, Сиротила, Сиротилу, Сиротилом, Сиротиле
cyrodilic_brandy	Сиродильский бренди, Сиродильского бренди, Сиродильскому бренди, Сиродильским бренди, Сиродильском бренди
cyrodilic_spadetail	Сиродильский острозуб, Сиродильского острозуба, Сиродильскому острозубу, Сиродильским острозубом, Сиродильском острозубе
daedra	Даэдра
daedra_heart	Сердце даэдра, Сердца даэдра, Сердцу даэдра, Сердцем даэдра
daedra_silk	Шёлк даэдра, Шёлка даэдра, Шёлку даэдра, Шёлком даэдра, Шёлке даэдра
daedra_venin	Яд даэдра, Яда даэдра, Яду даэдра, Ядом даэдра, Яде даэдра
daedra_worship	Поклонение даэдра, Поклонения даэдра, Поклонению даэдра, Поклонением даэдра, Поклонении даэдра
daedric_crescent	Даэдрический серп, Даэдрического серпа, Даэдрическому серпу, Даэдрическим серпом, Даэдрическом серпе
daedric_equipment	Даэдрическое снаряжение, Даэдрического снаряжения, Даэдрическому снаряжению, Даэдрическим снаряжением, Даэдрическом снаряжении
daedroth_teeth	Зубы даэдрота, Зубов даэдрота, Зубам даэдрота, Зубами даэдрота, Зубах даэдрота
daggerfall	Даггерфолл, Даггерфолла, Даггерфоллу, Даггерфоллом, Даггерфолле
dagoth_ur	Дагот Ур, Дагота Ура, Даготу Уру, Даготом Уром, Даготе Уре
dainty_sload	Изящный Слоад, Изящного Слоада, Изящному Слоаду, Изящным Слоадом, Изящном Слоаде
damage_health	
damage_health_regeneration	
damage_magicka	
damage_magicka_regeneration	
damage_stamina	
damage_stamina_regeneration	
damaging_poisons	
damphall_mine	Шахта Дамфолл, Шахты Дамфолл, Шахте Дамфолл, Шахтой Дамфолл
dark_brotherhood	Тёмное Братство, Тёмного Братства, Тёмному Братству, Тёмным Братством, Тёмном Братстве
dark_brotherhood_sanctuary	Убежище Тёмного Братства, Убежища Тёмного Братства, Убежищу Тёмного Братства, Убежищем Тёмного Братства
dark_seducer	Темный соблазнитель, Мазкен, Темного соблазнителя, Темному соблазнителю, Темным соблазнителем, Темном соблазнителе
darkest_darkness	Тьма тьмущая, Тьмы тьмущей, Тьме тьмущей, Тьмой тьмущей
darkfall_cave	Пещера Темного Водопада, Пещеры Темного Водопада, Пещере Темного Водопада, Пещерой Темного Водопада
darklight_tower	Башня Темного Света, Башни Темного Света, Башне Темного Света, Башней Темного Света
darkshade	Темная Тень, Темной Тени, Темной Тенью
darkwater_crossing	Переправа Темной Воды, Переправы Темной Воды, Переправе Темной Воды, Переправой Темной Воды
darkwater_pass	Проход Темной Воды, Прохода Темной Воды, Проходу Темной Воды, Проходом Темной Воды, Проходе Темной Воды
daughter_of_the_niben	Дочь Нибена, Дочери Нибена, Дочерью Нибена
dawn_era	Эра Рассвета, Эры Рассвета, Эре Рассвета, Эрой Рассвета
dawnbreaker	Рассветный Клинок, Рассветного Клинка, Рассветному Клинку, Рассветным Клинком, Рассветном Клинке
dawnfang	Рассветный Клык, Рассветного Клыка, Рассветному Клыку, Рассветным Клыком, Рассветном Клыке
dawnguard_equipment	
dawnstar	Данстар, Данстара, Данстару, Данстаром, Данстаре
dawnstar_sanctuary	Святилище Данстара, Святилища Данстара, Святилищу Данстара, Святилищем Данстара
de_rerum_dirennis	
dead_crone_rock	Скала Мертвой Карги, Скалы Мертвой Карги, Скале Мертвой Карги, Скалой Мертвой Карги
dead_man's_drink	Напиток Мертвеца, Напитка Мертвеца, Напитку Мертвеца, Напитком Мертвеца, Напитке Мертвеца
dead_men's_respite	Покой Мертвых, Покоя Мертвых, Покою Мертвых, Покоем Мертвых, Покое Мертвых
dead_thrall	Мертвый раб, Мертвого раба, Мертвому рабу, Мертвым рабом, Мертвом рабе
death_blow_of_abernanit	Смертельный удар Абернанита, Смертельного удара Абернанита, Смертельному удару Абернанита, Смертельным ударом Абернанита, Смертельном ударе Абернанита
death_of_a_wanderer	Смерть странника, Смерти странника, Смертью странника
deathbell	Колокольчик смерти, Колокольчика смерти, Колокольчику смерти, Колокольчиком смерти, Колокольчике смерти
deep_folk_crossing	Переправа Глубинного Народа, Переправы Глубинного Народа, Переправе Глубинного Народа, Переправой Глубинного Народа
deepwood_redoubt	Укрепление в Чащобе, Укрепления в Чащобе, Укреплению в Чащобе, Укреплением в Чащобе, Укреплении в Чащобе
deer	
dengeir's_house	Дом Денгейра, Дому Денгейра, Домом Денгейра, Доме Денгейра
deor_woodcutter's_house	Дом Дровосека Деора, Дому Дровосека Деора, Домом Дровосека Деора, Доме Дровосека Деора
destruction	
detect_dead	Обнаружение мертвых, Обнаружения мертвых, Обнаружению мертвых, Обнаружением мертвых, Обнаружении мертвых
detect_life	Обнаружение жизни, Обнаружения жизни, Обнаружению жизни, Обнаружением жизни, Обнаружении жизни
detect_undead	Обнаружение нежити, Обнаружения нежити, Обнаружению нежити, Обнаружением нежити, Обнаружении нежити
dibella	Дибелла, Дибеллы, Дибелле, Дибеллой
dimhollow_crypt	Гробница Димхоллоу, Гробницы Димхоллоу, Гробнице Димхоллоу, Гробницей Димхоллоу
direfish	Дикая рыба, Дикой рыбы, Дикой рыбе, Дикой рыбой
disappearance_of_the_dwemer	Исчезновение двамеров, Исчезновения двамеров, Исчезновению двамеров, Исчезновением двамеров, Исчезновении двамеров
disarm	Разоружение, Разоружения, Разоружению, Разоружением, Разоружении
disguised_invisibility_potion	Замаскированное зелье невидимости, Замаскированного зелья невидимости, Замаскированному зелью невидимости, Замаскированным зельем невидимости, Замаскированном зелье невидимости
dismay	Ужас, Ужаса, Ужасу, Ужасом, Ужасе
double_distilled_skooma	Двойная перегонка скумы, Двойной перегонки скумы, Двойной перегонке скумы, Двойной перегонкой скумы
dragon	Дракон, Дракона, Дракону, Драконом, Драконе
dragon_aspect	Аспект дракона, Аспекта дракона, Аспекту дракона, Аспектом дракона, Аспекте дракона
dragon_break	Разрыв дракона, Разрыва дракона, Разрыву дракона, Разрывом дракона, Разрыве дракона
dragon_bridge	Драконий мост, Драконьего моста, Драконьему мосту, Драконьим мостом, Драконьем мосте
dragon_bridge_overlook	Смотровая площадка Драконьего моста, Смотровой площадки Драконьего моста, Смотровой площадке Драконьего моста, Смотровой площадкой Драконьего моста
dragon_claws	Драконьи когти, Драконьих когтей, Драконьим когтям, Драконьими когтями, Драконьих когтях
dragon_cult	Культ дракона, Культа дракона, Культу дракона, Культом дракона, Культе дракона
dragon_language	Драконий язык, Драконьего языка, Драконьему языку, Драконьим языком, Драконьем языке
dragon_mound_lone_mountain	Курган дракона Одинокая гора, Кургана дракона Одинокая гора, Кургану дракона Одинокая гора, Курганом дракона Одинокая гора, Кургане дракона Одинокая гора
dragon_priest	Драконий жрец, Драконьего жреца, Драконьему жрецу, Драконьим жрецом, Драконьем жреце
dragon_rend	Сокрушение дракона, Сокрушения дракона, Сокрушению дракона, Сокрушением дракона, Сокрушении дракона
dragon_wars	Война Драконов, Войны Драконов, Войне Драконов, Войной Драконов
dragonbone	Драконья кость, Драконьей кости, Драконьей костью
dragonbone_equipment	Снаряжение из драконьей кости, Снаряжения из драконьей кости, Снаряжению из драконьей кости, Снаряжением из драконьей кости, Снаряжении из драконьей кости
dragonborn	Драконорождённый, Драконорождённого, Драконорождённому, Драконорождённым, Драконорождённом
dragonborn_song	Песнь Драконорождённого, Песни Драконорождённого, Песнью Драконорождённого
dragonhide	Драконья кожа, Драконьей кожи, Драконьей коже, Драконьей кожей
dragonplate_armor	Драконий панцирь, Драконьего панциря, Драконьему панцирю, Драконьим панцирем, Драконьем панцире
dragonplate_boots	Сапоги из драконьего панциря, Сапог из драконьего панциря, Сапогам из драконьего панциря, Сапогами из драконьего панциря, Сапогах из драконьего панциря
dragonplate_equipment	Снаряжение из драконьего панциря, Снаряжения из драконьего панциря, Снаряжению из драконьего панциря, Снаряжением из драконьего панциря, Снаряжении из драконьего панциря
dragonplate_gauntlets	Перчатки из драконьего панциря, Перчаток из драконьего панциря, Перчаткам из драконьего панциря, Перчатками из драконьего панциря, Перчатках из драконьего панциря
dragonplate_shield	Щит из драконьего панциря, Щита из драконьего панциря, Щиту из драконьего панциря, Щитом из драконьего панциря, Щите из драконьего панциря
dragons_tongue	Драконий язык, Драконьего языка, Драконьему языку, Драконьим языком, Драконьем языке
dragonscale_equipment	Снаряжение из драконьей чешуи, Снаряжения из драконьей чешуи, Снаряжению из драконьей чешуи, Снаряжением из драконьей чешуи, Снаряжении из драконьей чешуи
dragonsreach	Драконий Предел, Драконьего Предела, Драконьему Пределу, Драконьим Пределом, Драконьем Пределе
dragonsreach_dungeon	Тюрьма Драконьего Предела, Тюрьмы Драконьего Предела, Тюрьме Драконьего Предела, Тюрьмой Драконьего Предела
dragonstone	Драконий камень, Драконьего камня, Драконьему камню, Драконьим камнем, Драконьем камне
dragontooth_crater	Кратер Драконьего Зуба, Кратера Драконьего Зуба, Кратеру Драконьего Зуба, Кратером Драконьего Зуба, Кратере Драконьего Зуба
drain_vitality	Истощение, Истощения, Истощению, Истощением, Истощении
draugr	Драугр, Драугра, Драугру, Драугром, Драугре
dread_zombie	Ужасный зомби, Ужасного зомби, Ужасному зомби, Ужасным зомби, Ужасном зомби
drelas_cottage	Хижина Дреласа, Хижины Дреласа, Хижине Дреласа, Хижиной Дреласа
dremora	Дремор, Дремора, Дремору, Дремором, Дреморе
dreugh_wax	Воск дреуга, Воска дреуга, Воску дреуга, Воском дреуга, Воске дреуга
driftshade_refuge	Убежище Дрифтшейд, Убежища Дрифтшейд, Убежищу Дрифтшейд, Убежищем Дрифтшейд
droops	Упадок, Упадка, Упадку, Упадком, Упадке
druadach_redoubt	Друадах Редaут, Друадах-Редут, Друадах-Редута, Друадах-Редуту, Друадах-Редутом, Друадах-Редуте
dukaan	Дукаан, Дукаана, Дукаану, Дукааном, Дукаане
dunmer	Данмеры, Данмеров, Данмерам, Данмерами, Данмерах
dushnikh_yal	Душник-Ял, Душник-Яла, Душник-Ялу, Душник-Ялом, Душник-Яле
duskglow_crevice	Даскглоу Кревис, Даскглоу-Кревиса, Даскглоу-Кревису, Даскглоу-Кревисом, Даскглоу-Кревисе
dustmans_cairn	Курган Пыльника, Кургана Пыльника, Кургану Пыльника, Курганом Пыльника, Кургане Пыльника
dwarven_bolt	Двемерский болт, Двемерского болта, Двемерскому болту, Двемерским болтом, Двемерском болте
dwarven_equipment	Двемерское снаряжение, Двемерского снаряжения, Двемерскому снаряжению, Двемерским снаряжением, Двемерском снаряжении
dwarven_oil	Двемерское масло, Двемерского масла, Двемерскому маслу, Двемерским маслом, Двемерском масле
dwemer	Двемеры, Двемеров, Двемерам, Двемерами, Двемерах
dwemer_centurion	Двемерский центурион, Двемерского центуриона, Двемерскому центуриону, Двемерским центурионом, Двемерском центурионе
dwemer_history_and_culture	Собрание сочинений по истории и культуре двемеров, Собрания сочинений по истории и культуре двемеров, Собранию сочинений по истории и культуре двемеров, Собранием сочинений по истории и культуре двемеров, Собрании сочинений по истории и культуре двемеров
dwemer_inquiries	Двемерские изыскания, Двемерских изысканий, Двемерским изысканиям, Двемерскими изысканиями, Двемерских изысканиях
dwemer_museum	Музей двемеров, Музея двемеров, Музею двемеров, Музеем двемеров, Музее двемеров
dwemer_sphere	Двемерская сфера, Двемерской сферы, Двемерской сфере, Двемерской сферой
dwemer_spider	Двемерский паук, Двемерского паука, Двемерскому пауку, Двемерским пауком, Двемерском пауке
earth_stone	Камень Земли, Камня Земли, Камню Земли, Камнем Земли, Камне Земли
earthbones	Кости Земли, Костей Земли, Костям Земли, Костями Земли, Костях Земли
east_empire_company_warehouse	Склад Восточной Имперской Компании, Склада Восточной Имперской Компании, Складу Восточной Имперской Компании, Складом Восточной Имперской Компании, Складе Восточной Имперской Компании
eastmarch	Истмарч, Истмарча, Истмарчу, Истмарчем, Истмарче
eastmarch_imperial_camp	Имперский лагерь в Истмарче, Имперского лагеря в Истмарче, Имперскому лагерю в Истмарче, Имперским лагерем в Истмарче, Имперском лагере в Истмарче
ebonheart	Эбонхарт, Эбонхарта, Эбонхарту, Эбонхартом, Эбонхарте
ebony	Эбонит, Эбонита, Эбониту, Эбонитом, Эбоните
ebony_armor	Эбонитовая броня, Эбонитовой брони, Эбонитовой броне, Эбонитовой бронёй
ebony_arrow	Эбонитовая стрела, Эбонитовой стрелы, Эбонитовой стреле, Эбонитовой стрелой
ebony_battleaxe	Эбоновая секира, Эбоновой секиры, Эбоновой секире, Эбоновой секирой
ebony_blade	Эбоновый клинок, Эбонового клинка, Эбоновому клинку, Эбоновым клинком, Эбоновом клинке
ebony_boots	Эбоновые сапоги, Эбоновых сапог, Эбоновым сапогам, Эбоновыми сапогами, Эбоновых сапогах
ebony_bow	Эбоновый лук, Эбонового лука, Эбоновому луку, Эбоновым луком, Эбоновом луке
ebony_dagger	Эбоновый кинжал, Эбонового кинжала, Эбоновому кинжалу, Эбоновым кинжалом, Эбоновом кинжале
ebony_equipment	Эбоновое снаряжение, Эбонового снаряжения, Эбоновому снаряжению, Эбоновым снаряжением, Эбоновом снаряжении
ebony_gauntlets	Эбоновые перчатки, Эбоновых перчаток, Эбоновым перчаткам, Эбоновыми перчатками, Эбоновых перчатках
ebony_greatsword	Эбоновый двуручный меч, Эбонового двуручного меча, Эбоновому двуручному мечу, Эбоновым двуручным мечом, Эбоновом двуручном мече
ebony_helmet	Эбоновый шлем, Эбонового шлема, Эбоновому шлему, Эбоновым шлемом, Эбоновом шлеме
ebony_mace	Эбоновая булава, Эбоновой булавы, Эбоновой булаве, Эбоновой булавой
ebony_mail	Эбоновая кольчуга, Эбоновой кольчуги, Эбоновой кольчуге, Эбоновой кольчугой
ebony_shield	Эбоновый щит, Эбонового щита, Эбоновому щиту, Эбоновым щитом, Эбоновом щите
ebony_sword	Эбоновый меч, Эбонового меча, Эбоновому мечу, Эбоновым мечом, Эбоновом мече
ebony_war_axe	Эбоновый боевой топор, Эбонового боевого топора, Эбоновому боевому топору, Эбоновым боевым топором, Эбоновом боевом топоре
ebony_warhammer	Эбоновый боевой молот, Эбонового боевого молота, Эбоновому боевому молоту, Эбоновым боевым молотом, Эбоновом боевом молоте
ebonyflesh	Эбоновая плоть, Эбоновой плоти, Эбоновой плотью
ectoplasm	Эктоплазма, Эктоплазмы, Эктоплазме, Эктоплазмой
edla's_house	Дом Эдлы, Дома Эдлы, Дому Эдлы, Домом Эдлы, Доме Эдлы
effects_of_the_elder_scrolls	Эффекты Древних Свитков, Эффектов Древних Свитков, Эффектам Древних Свитков, Эффектами Древних Свитков, Эффектах Древних Свитков
ehlnofey	Эльнофе
eldergleam_sanctuary	Святилище Старого Сияния, Святилища Старого Сияния, Святилищу Старого Сияния, Святилищем Старого Сияния
eldersblood_peak	Пик Крови Предков, Пика Крови Предков, Пику Крови Предков, Пиком Крови Предков, Пике Крови Предков
elemental_fury	Стихийная ярость, Стихийной ярости, Стихийной яростью
elgrim's_elixirs	Эликсиры Элгрима, Эликсиров Элгрима, Эликсирам Элгрима, Эликсирами Элгрима, Эликсирах Элгрима
elisif	Элисиф
elk	
elsweyr	Эльсвейр, Эльсвейра, Эльсвейру, Эльсвейром, Эльсвейре
elven_arrow	Эльфийская стрела, Эльфийской стрелы, Эльфийской стреле, Эльфийской стрелой
elven_equipment	Эльфийское снаряжение, Эльфийского снаряжения, Эльфийскому снаряжению, Эльфийским снаряжением, Эльфийском снаряжении
elven_greatsword	Эльфийский двуручный меч, Эльфийского двуручного меча, Эльфийскому двуручному мечу, Эльфийским двуручным мечом, Эльфийском двуручном мече
elves_ear	Ухо эльфа, Уха эльфа, Уху эльфа, Ухом эльфа, Ухе эльфа
elytra_ichor	Ихор элитры, Ихора элитры, Ихору элитры, Ихором элитры, Ихоре элитры
embershard_mine	Рудник Искристый осколок, Рудника Искристый осколок, Руднику Искристый осколок, Рудником Искристый осколок, Руднике Искристый осколок
emperor_parasol_moss	Мох императорского гриба, Мха императорского гриба, Мху императорского гриба, Мхом императорского гриба, Мхе императорского гриба
enchanting	
endon's_house	Дом Эндона, Дома Эндона, Дому Эндона, Домом Эндона, Доме Эндона
equilibrium	Равновесие, Равновесия, Равновесию, Равновесием, Равновесии
erikur's_house	Дом Эрикура, Дома Эрикура, Дому Эрикура, Домом Эрикура, Доме Эрикура
esberns_potion	Зелье Эсберна, Зелья Эсберна, Зелью Эсберна, Зельем Эсберна
eternal_champion	Вечный чемпион, Вечного чемпиона, Вечному чемпиону, Вечным чемпионом, Вечном чемпионе
evergreen_grove	Вечнозеленая роща, Вечнозеленой рощи, Вечнозеленой роще, Вечнозеленой рощей
evette_san's_house	Дом Эветты Сан, Дома Эветты Сан, Дому Эветты Сан, Домом Эветты Сан, Доме Эветты Сан
expel_daedra	Изгнание даэдра, Изгнания даэдра, Изгнанию даэдра, Изгнанием даэдра, Изгнании даэдра
eye_of_sabre_cat	Глаз саблезуба, Глаза саблезуба, Глазу саблезуба, Глазом саблезуба, Глазе саблезуба
fahlbtharz	Фалбтарз, Фалбтарза, Фалбтарзу, Фалбтарзом, Фалбтарзе
faldar's_tooth	Зуб Фалдара, Зуба Фалдара, Зубу Фалдара, Зубом Фалдара, Зубе Фалдара
falion's_house	Дом Фалиона, Дома Фалиона, Дому Фалиона, Домом Фалиона, Доме Фалиона
falkreath	Фолкрит, Фолкрита, Фолкриту, Фолкритом, Фолкрите
falkreath_barracks	Казармы Фолкрита, Казарм Фолкрита, Казармам Фолкрита, Казармами Фолкрита, Казармах Фолкрита
falkreath_hold	Владение Фолкрит, Владения Фолкрит, Владению Фолкрит, Владением Фолкрит, Владении Фолкрит
falkreath_imperial_camp	Фолкритский имперский лагерь, Фолкритского имперского лагеря, Фолкритскому имперскому лагерю, Фолкритским имперским лагерем, Фолкритском имперском лагере
falkreath_stormcloak_camp	Фолкритский лагерь Братьев Бури, Фолкритского лагеря Братьев Бури, Фолкритскому лагерю Братьев Бури, Фолкритским лагерем Братьев Бури, Фолкритском лагере Братьев Бури
falkreath_watchtower	Фолкритская сторожевая башня, Фолкритской сторожевой башни, Фолкритской сторожевой башне, Фолкритской сторожевой башней
fall_of_the_snow_prince	Падение Снежного Принца, Падения Снежного Принца, Падению Снежного Принца, Падением Снежного Принца, Падении Снежного Принца
fallowstone_cave	Пещера Пар, Пещеры Пар, Пещере Пар, Пещерой Пар
falmer	Фалмер, Фалмера, Фалмеру, Фалмером, Фалмере
falmer_arrow	Стрела фалмера, Стрелы фалмера, Стреле фалмера, Стрелой фалмера
falmer_blood_elixir	Эликсир крови фалмера, Эликсира крови фалмера, Эликсиру крови фалмера, Эликсиром крови фалмера, Эликсире крови фалмера
falmer_ear	Ухо фалмера, Уха фалмера, Уху фалмера, Ухом фалмера, Ухе фалмера
falmer_equipment	Снаряжение фалмера, Снаряжения фалмера, Снаряжению фалмера, Снаряжением фалмера, Снаряжении фалмера
fast	
fast_healing	Быстрое исцеление, Быстрого исцеления, Быстрому исцелению, Быстрым исцелением, Быстром исцелении
father_of_the_niben	Отец Нибена, Отца Нибена, Отцу Нибена, Отцом Нибена, Отце Нибена
fear	Страх, Страха, Страху, Страхом, Страхе
fellglow_keep	Крепость Зловещее Сияние, Крепости Зловещее Сияние, Крепостью Зловещее Сияние
felsaad_tern_feathers	Перья фелсаадской крачки, Перьев фелсаадской крачки, Перьям фелсаадской крачки, Перьями фелсаадской крачки, Перьях фелсаадской крачки
fenn's_gulch_mine	Шахта Ущелья Фенна, Шахты Ущелья Фенна, Шахте Ущелья Фенна, Шахтой Ущелья Фенна
feyfolken	Фейфолкен, Фейфолкена, Фейфолкену, Фейфолкеном, Фейфолкене
fiery_soul_trap	Огненная ловушка душ, Огненной ловушки душ, Огненной ловушке душ, Огненной ловушкой душ
fire_and_darkness	Огонь и тьма, Огня и тьмы, Огню и тьме, Огнем и тьмой, Огне и тьме
fire_breath	Огненное дыхание, Огненного дыхания, Огненному дыханию, Огненным дыханием, Огненном дыхании
fire_damage	Урон огнем, Урона огнем, Урону огнем, Уроном огнем, Уроне огнем
fire_petal	Огненный лепесток, Огненного лепестка, Огненному лепестку, Огненным лепестком, Огненном лепестке
fire_rune	Огненная руна, Огненной руны, Огненной руне, Огненной руной
fire_salts	Огненная соль, Огненной соли, Огненной солью
fire_storm	Огненный шторм, Огненного шторма, Огненному шторму, Огненным штормом, Огненном шторме
fireball	Огненный шар, Огненного шара, Огненному шару, Огненным шаром, Огненном шаре
firebolt	Огненная стрела, Огненной стрелы, Огненной стреле, Огненной стрелой
first_era	Первая эра, Первой эры, Первой эре, Первой эрой
five_songs_of_king_wulfharth	Пять песен короля Вулфхарта, Пяти песен короля Вулфхарта, Пяти песням короля Вулфхарта, Пятью песнями короля Вулфхарта, Пяти песнях короля Вулфхарта
flame_atronach	Огненный атронах, Огненного атронаха, Огненному атронаху, Огненным атронахом, Огненном атронахе
flame_cloak	Пламенный плащ, Пламенного плаща, Пламенному плащу, Пламенным плащом, Пламенном плаще
flame_stalk	Пламенный стебель, Пламенного стебля, Пламенному стеблю, Пламенным стеблем, Пламенном стебле
flame_thrall	Огненный раб, Огненного раба, Огненному рабу, Огненным рабом, Огненном рабе
flames	Огонь, Огня, Огню, Огнём, Огне
flaming_familiar	Пылающий фамильяр, Пылающего фамильяра, Пылающему фамильяру, Пылающим фамильяром, Пылающем фамильяре
fletcher	Лучник, Лучника, Лучнику, Лучником, Лучнике
flight_from_the_thalmor	Бегство от Талмора, Бегства от Талмора, Бегству от Талмора, Бегством от Талмора, Бегстве от Талмора
fly_amanita	Мухомор, Мухомора, Мухомору, Мухомором, Мухоморе
folgunthur	Фолгантур, Фолгантура, Фолгантуру, Фолгантуром, Фолгантуре
forebears'_holdout	Убежище Форбиров, Убежища Форбиров, Убежищу Форбиров, Убежищем Форбиров
forelhost	Форелхост, Форелхоста, Форелхосту, Форелхостом, Форелхосте
forgotten_vale	Забытая долина, Забытой долины, Забытой долине, Забытой долиной
fork_of_horripilation	Вилка ужаса, Вилки ужаса, Вилке ужаса, Вилкой ужаса
forsaken_cave	Заброшенная пещера, Заброшенной пещеры, Заброшенной пещере, Заброшенной пещерой
forsworn	Изгои, Изгоев, Изгоям, Изгоями, Изгоях
forsworn_arrow	Стрела Изгоев, Стрелы Изгоев, Стреле Изгоев, Стрелой Изгоев
forsworn_equipment	Снаряжение Изгоев, Снаряжения Изгоев, Снаряжению Изгоев, Снаряжением Изгоев, Снаряжении Изгоев
fort_amol	Форт Амол, Форта Амол, Форту Амол, Фортом Амол, Форте Амол
fort_dawnguard	Форт Рассветная стража, Форта Рассветная стража, Форту Рассветная стража, Фортом Рассветная стража, Форте Рассветная стража
fort_dunstad	Форт Данстад, Данстад
fort_fellhammer	Форт Феллхаммер, Феллхаммер
fort_frostmoth	Форт Фростмот, Фростмот
fort_greenwall	Форт Гринволл, Гринволл
fort_greymoor	Форт Греймур, Греймур
fort_hraggstad	Форт Храггстад, Храггстад
fort_kastav	Форт Кастав, Кастав
fort_neugrad	Форт Нойград, Нойград
fort_snowhawk	Форт Сноухок, Сноухок
fort_sungard	Форт Сангард, Сангард
fortified_combat_healing	
fortify_alchemy	
fortify_alteration	
fortify_archery	
fortify_barter	
fortify_block	
fortify_carry_weight	
fortify_conjuration	
fortify_destruction	
fortify_enchanting	
fortify_health	
fortify_heavy_armor	
fortify_illusion	
fortify_light_armor	
fortify_lockpicking	
fortify_magicka	
fortify_onehanded	
fortify_persuasion	
fortify_pickpocket	
fortify_restoration	
fortify_shouts	
fortify_smithing	
fortify_sneak	
fortify_spells	
fortify_stamina	
fortify_twohanded	
fortify_unarmed_damage	
four_skull_lookout	Четыре Черепа, Четырёх Черепов, Четырём Черепам, Четырьмя Черепами, Четырёх Черепах
fourth_era	Четвёртая Эра, Четвёртой Эры, Четвёртой Эре, Четвёртой Эрой
fox	
freeze	Заморозка, Заморозки, Заморозке, Заморозкой
frenzy	
frenzy_rune	Руна Ярости, Руны Ярости, Руне Ярости, Руной Ярости
froki's_shack	Хижина Фроки, Хижины Фроки, Хижине Фроки, Хижиной Фроки
frossel	Фроссель, Фросселя, Фросселю, Фросселем, Фросселе
frost_atronach	Ледяной Атронах, Ледяного Атронаха, Ледяному Атронаху, Ледяным Атронахом, Ледяном Атронахе
frost_breath	Ледяное Дыхание, Ледяного Дыхания, Ледяному Дыханию, Ледяным Дыханием, Ледяном Дыхании
frost_cloak	Ледяная Аура, Ледяной Ауры, Ледяной Ауре, Ледяной Аурой
frost_damage	
frost_mirriam	Мирриам, Мирриама, Мирриаму, Мирриамом, Мирриаме
frost_rune	Руна мороза, Руны мороза, Руне мороза, Руной мороза
frost_salts	Соли мороза, Солей мороза, Солям мороза, Солями мороза, Солях мороза
frost_thrall	Ледяной раб, Ледяного раба, Ледяному рабу, Ледяным рабом, Ледяном рабе
frostbite	Обморожение, Обморожения, Обморожению, Обморожением, Обморожении
frostbite_spider	Морозный паук, Морозного паука, Морозному пауку, Морозным пауком, Морозном пауке
frostbite_venom	Яд морозного паука, Яда морозного паука, Яду морозного паука, Ядом морозного паука, Яде морозного паука
frostflow_lighthouse	Маяк Морозного течения, Маяка Морозного течения, Маяку Морозного течения, Маяком Морозного течения, Маяке Морозного течения
frostfruit_inn	Таверна «Морозный плод», Таверны «Морозный плод», Таверне «Морозный плод», Таверной «Морозный плод»
frostmere_crypt	Склеп Морозного озера, Склепа Морозного озера, Склепу Морозного озера, Склепом Морозного озера, Склепе Морозного озера
frostmoon_crag	Утёс Морозной луны, Утёса Морозной луны, Утёсу Морозной луны, Утёсом Морозной луны, Утёсе Морозной луны
fruki's_house	Дом Фруки, Дома Фруки, Дому Фруки, Домом Фруки, Доме Фруки
frykte_peak	Пик Фрайкт, Пика Фрайкт, Пику Фрайкт, Пиком Фрайкт, Пике Фрайкт
fungus_stalk	Грибной стебель, Грибного стебля, Грибному стеблю, Грибным стеблем, Грибном стебле
fur_equipment	
fury	Ярость, Ярости, Яростью
gallows_rock	Скала виселиц, Скалы виселиц, Скале виселиц, Скалой виселиц
garlic	
gauntlets_of_the_crusader	Рукавицы крестоносца, Рукавиц крестоносца, Рукавицам крестоносца, Рукавицами крестоносца, Рукавицах крестоносца
geirmund's_hall	Чертог Гейрмунда, Чертога Гейрмунда, Чертогу Гейрмунда, Чертогом Гейрмунда, Чертоге Гейрмунда
general_tullius	Генерал Туллий, Генерала Туллия, Генералу Туллию, Генералом Туллием, Генерале Туллии
giant's_grove	Роща великана, Рощи великана, Роще великана, Рощей великана
giant_lichen	Великанский лишайник, Великанского лишайника, Великанскому лишайнику, Великанским лишайником, Великанском лишайнике
giant_toe	Палец великана, Пальца великана, Пальцу великана, Пальцем великана, Пальце великана
giants	Великаны, Великанов, Великанам, Великанами, Великанах
gildergreen	Гилдергрин, Гилдергрина, Гилдергрину, Гилдергрином, Гилдергрине
gjukar_monument	Памятник Гьюкару, Памятника Гьюкару, Памятнику Гьюкару, Памятником Гьюкару, Памятнике Гьюкару
glacial_cave	Ледяная пещера, Ледяной пещеры, Ледяной пещере, Ледяной пещерой
glass_arrow	Стеклянная стрела, Стеклянной стрелы, Стеклянной стреле, Стеклянной стрелой
glass_catfish	Стеклянный сом, Стеклянного сома, Стеклянному сому, Стеклянным сомом, Стеклянном соме
glass_equipment	Стеклянное снаряжение, Стеклянного снаряжения, Стеклянному снаряжению, Стеклянным снаряжением, Стеклянном снаряжении
glassfish	Стеклянная рыба, Стеклянной рыбы, Стеклянной рыбе, Стеклянной рыбой
gleamblossom	Мерцающий цветок, Мерцающего цветка, Мерцающему цветку, Мерцающим цветком, Мерцающем цветке
glenmoril_coven	Ковен Гленморил, Ковена Гленморил, Ковену Гленморил, Ковеном Гленморил, Ковене Гленморил
glenmoril_witches	Ведьмы Гленморил, Ведьм Гленморил, Ведьмам Гленморил, Ведьмами Гленморил, Ведьмах Гленморил
gloombound_mine	Мрачная шахта, Мрачной шахты, Мрачной шахте, Мрачной шахтой
gloomreach	Мрачная пустошь, Мрачной пустоши, Мрачной пустошью
glover_mallory's_house	Дом Гловера Мэллори, Дома Гловера Мэллори, Дому Гловера Мэллори, Домом Гловера Мэллори, Доме Гловера Мэллори
glow_dust	Светящаяся пыль, Светящейся пыли, Светящейся пылью
glowing_mushroom	Светящийся гриб, Светящегося гриба, Светящемуся грибу, Светящимся грибом, Светящемся грибе
gnarl_bark	Кора сучковатого дерева, Коры сучковатого дерева, Коре сучковатого дерева, Корой сучковатого дерева
goat	
goblin	Гоблин, Гоблина, Гоблину, Гоблином, Гоблине
gods_and_worship	Боги и поклонение, Богов и поклонения, Богам и поклонению, Богами и поклонением, Богах и поклонении
gold_kanet	Золотой канет, Золотого канета, Золотому канету, Золотым канетом, Золотом канете
goldbrand	Золотая метка, Золотой метки, Золотой метке, Золотой меткой
golden_saint	Золотой святой, Золотого святого, Золотому святому, Золотым святым, Золотом святом
goldenglow_estate	Поместье Золотое сияние, Поместья Золотое сияние, Поместью Золотое сияние, Поместьем Золотое сияние
goldfish	Золотая рыбка, Золотой рыбки, Золотой рыбке, Золотой рыбкой
grand_healing	Великое исцеление, Великого исцеления, Великому исцелению, Великим исцелением, Великом исцелении
grass_pod	Травяной стручок, Травяного стручка, Травяному стручку, Травяным стручком, Травяном стручке
grave_concoctions	Могильные Снадобья, Могильных Снадобий, Могильным Снадобьям, Могильными Снадобьями, Могильных Снадобьях
gray_cowl	Серый Капюшон Ноктурнал, Серого Капюшона Ноктурнал, Серому Капюшону Ноктурнал, Серым Капюшоном Ноктурнал, Сером Капюшоне Ноктурнал
gray_pine_goods	Серососновые Товары, Серососновых Товаров, Серососновым Товарам, Серососновыми Товарами, Серососновых Товарах
gray_quarter	Серый Квартал, Серого Квартала, Серому Кварталу, Серым Кварталом, Сером Квартале
graywinter_watch	Серозимняя Стражница, Серозимней Стражницы, Серозимней Стражнице, Серозимней Стражницей
great_war	Великая Война, Великой Войны, Великой Войне, Великой Войной
greater_ward	Великий Щит, Великого Щита, Великому Щиту, Великим Щитом, Великом Щите
green_butterfly_wing	Крыло Зелёной Бабочки, Крыла Зелёной Бабочки, Крылу Зелёной Бабочки, Крылом Зелёной Бабочки, Крыле Зелёной Бабочки
greenpact	Зелёный Пакт, Зелёного Пакта, Зелёному Пакту, Зелёным Пактом, Зелёном Пакте
greenspore	Зелёная Спорница, Зелёной Спорницы, Зелёной Спорнице, Зелёной Спорницей
greenspring_hollow	Зеленоключевая Лощина, Зеленоключевой Лощины, Зеленоключевой Лощине, Зеленоключевой Лощиной
greybeards	Седобородые, Седобородых, Седобородым, Седобородыми
greywater_grotto	Сероводный Грот, Сероводного Грота, Сероводному Гроту, Сероводным Гротом, Сероводном Гроте
guardian_circle	Круг Стража, Круга Стража, Кругу Стража, Кругом Стража, Круге Стража
guardian_stones	Камни Стража, Камней Стража, Камням Стража, Камнями Стража, Камнях Стража
guardian_stones 	Камни Стража, Камней Стража, Камням Стража, Камнями Стража, Камнях Стража
guldun_rock	Скала Гулдун, Скалы Гулдун, Скале Гулдун, Скалой Гулдун
guldun_rock_cave	Пещера Скалы Гулдун, Пещеры Скалы Гулдун, Пещере Скалы Гулдун, Пещерой Скалы Гулдун
gutworm	Кишечный Червь, Кишечного Червя, Кишечному Червю, Кишечным Червём, Кишечном Черве
gyldenhul_barrow	Курган Гюльденхуль, Кургана Гюльденхуль, Кургану Гюльденхуль, Курганом Гюльденхуль, Кургане Гюльденхуль
haafingar	Хаафингар, Хаафингара, Хаафингару, Хаафингаром, Хаафингаре
haafingar_stormcloak_camp	Лагерь Штормоклов Хаафингара, Лагеря Штормоклов Хаафингара, Лагерю Штормоклов Хаафингара, Лагерем Штормоклов Хаафингара, Лагере Штормоклов Хаафингара
hackle-lo_leaf	Лист Хакль-Ло, Листа Хакль-Ло, Листу Хакль-Ло, Листом Хакль-Ло, Листе Хакль-Ло
haelga's_bunkhouse	Ночлежка Хельги, Ночлежки Хельги, Ночлежке Хельги, Ночлежкой Хельги
haemar's_shame	Позор Хемара, Позора Хемара, Позору Хемара, Позором Хемара, Позоре Хемара
hag's_end	Логово Ведьмы
hag_rock_redoubt	Утес Ведьмы
hagraven	Ведьма-карга
hagraven_claw	Коготь ведьмы-карги
hagraven_feathers	Перья ведьмы-карги
haknir's_shoal	Отмель Хакнира
half-moon_mill	Мельница Полумесяца
hall_of_attainment	Зал Достижений
hall_of_countenance	Зал Присутствия
hall_of_the_elements	Зал Стихий
hall_of_the_vigilant	Зал Бдительных
halldir's_cairn	Курган Халлдира
halted_stream_camp	Лагерь у Замерзшего Ручья
hammerfell	Хаммерфелл
hamvirs_rest	Покой Хамвира
hanging_moss	
harmony	Гармония
harmugstahl	Хармугсталь
harrada	Харрада
hawk_beak	Клюв ястреба
hawk_egg	Яйцо ястреба
hawk_feathers	Перья ястреба
headwaters_of_harstrad	Истоки Харстрада
heal_other	Исцеление другого
heal_undead	Исцеление нежити
healing	
healing_hands	
healing_potions	
heart_of_order	Сердце Порядка
heartwood_mill	Лесопилка Сердцевина
heimskr's_house	Дом Хеймскра
hela's_folly	Безумие Хелы
helgen	Хелген
helm_of_the_crusader	Шлем Крестоносца
hermaeus_mora	Хермеус Мора
hero_of_daggerfall	Герой Даггерфолла
hero_of_kvatch	Герой Кватча
hevnoraak	Хевнораак
hide_armor	
hide_bracers	
hide_equipment	
hide_helmet	
hide_shield	
high_gate_ruins	Руины Высоких Врат
high_hrothgar	Хай Хротгар
high_king_torygg	Верховный король Торигг
high_rock	Хай Рок
highmoon_hall	Зал Высокой Луны
highpoint_tower	Башня Высокой Вершины
hillgrunds_tomb	Гробница Хиллгрунда
hircine	Хирсин, Хирсина, Хирсину, Хирсином, Хирсине
hist	Хист, Хиста, Хисту, Хистом, Хисте
histcarp	Хисткарп, Хисткарпа, Хисткарпу, Хисткарпом, Хисткарпе
history_of_raven_rock	История Вороньего Камня, Истории Вороньего Камня, Историей Вороньего Камня
hjaalmarch	Хьялмарч, Хьялмарча, Хьялмарчу, Хьялмарчем, Хьялмарче
hjaalmarch_imperial_camp	Имперский лагерь Хьялмарча, Имперского лагеря Хьялмарча, Имперскому лагерю Хьялмарча, Имперским лагерем Хьялмарча, Имперском лагере Хьялмарча
hjaalmarch_stormcloak_camp	Лагерь Братьев Бури Хьялмарча, Лагеря Братьев Бури Хьялмарча, Лагерю Братьев Бури Хьялмарча, Лагерем Братьев Бури Хьялмарча, Лагере Братьев Бури Хьялмарча
hjerim	Хьерим, Хьерима, Хьериму, Хьеримом, Хьериме
hlaalu_farm	Ферма Хлаалу, Фермы Хлаалу, Ферме Хлаалу, Фермой Хлаалу
hob's_fall_cave	Пещера Падения Хоба, Пещеры Падения Хоба, Пещере Падения Хоба, Пещерой Падения Хоба
hollyfrost_farm	Ферма Остролистного Мороза, Фермы Остролистного Мороза, Ферме Остролистного Мороза, Фермой Остролистного Мороза
holy_water	
honeycomb	
honeyside	Медовая Сторона, Медовой Стороны, Медовой Стороне, Медовой Стороной
honeystrand_cave	Пещера Медовой Жилы, Пещеры Медовой Жилы, Пещере Медовой Жилы, Пещерой Медовой Жилы
honningbrew_meadery	Медоварня Хоннингбрю, Медоварни Хоннингбрю, Медоварне Хоннингбрю, Медоварней Хоннингбрю
honorhall_orphanage	Приют Чести, Приюта Чести, Приюту Чести, Приютом Чести, Приюте Чести
hoonding	Хундинг, Хундинга, Хундингу, Хундингом, Хундинге
horker	Хоркер, Хоркера, Хоркеру, Хоркером, Хоркере
horker_island	Остров Хоркеров, Острова Хоркеров, Острову Хоркеров, Островом Хоркеров, Острове Хоркеров
horror_of_castle_xyr	Ужас замка Ксир, Ужаса замка Ксир, Ужасу замка Ксир, Ужасом замка Ксир, Ужасе замка Ксир
house_gray-mane	Дом Серой Гривы, Дома Серой Гривы, Дому Серой Гривы, Домом Серой Гривы, Доме Серой Гривы
house_of_clan_battle-born	Дом клана Рожденных в Битве, Дома клана Рожденных в Битве, Дому клана Рожденных в Битве, Домом клана Рожденных в Битве, Доме клана Рожденных в Битве
house_of_clan_cruel-sea	Дом клана Жестокого Моря, Дома клана Жестокого Моря, Дому клана Жестокого Моря, Домом клана Жестокого Моря, Доме клана Жестокого Моря
house_of_clan_shatter-shield	Дом клана Дробящего Щита, Дома клана Дробящего Щита, Дому клана Дробящего Щита, Домом клана Дробящего Щита, Доме клана Дробящего Щита
hrodulf's_house	Дом Хродульфа, Дома Хродульфа, Дому Хродульфа, Домом Хродульфа, Доме Хродульфа
human_flesh	
human_heart	
hunger_tounge	Язык Голода, Языка Голода, Языку Голода, Языком Голода, Языке Голода
hunter's_rest	Привал Охотника, Привала Охотника, Привалу Охотника, Привалом Охотника, Привале Охотника
huntsmans_prowess	Доблесть Охотника, Доблести Охотника, Доблестью Охотника
hydnum_azure_giant_spore	Гидра Лазурная Гигантская Спора, Гидры Лазурной Гигантской Споры, Гидре Лазурной Гигантской Споре, Гидрой Лазурной Гигантской Спорой
hypha_facia	Гифа Фация, Гифы Фации, Гифе Фации, Гифой Фацией
hysteria	Истерия, Истерии, Истерией
ice_form	Ледяная Форма, Ледяной Формы, Ледяной Форме, Ледяной Формой
ice_spike	Ледяной Шип, Ледяного Шипа, Ледяному Шипу, Ледяным Шипом, Ледяном Шипе
ice_storm	Ледяной Шторм, Ледяного Шторма, Ледяному Шторму, Ледяным Штормом, Ледяном Шторме
ice_wraith	Ледяной Призрак, Ледяного Призрака, Ледяному Призраку, Ледяным Призраком, Ледяном Призраке
ice_wraith_bane	Погибель Ледяных Призраков, Погибели Ледяных Призраков, Погибелью Ледяных Призраков
ice_wraith_essence	Эссенция Ледяного Призрака, Эссенции Ледяного Призрака, Эссенцией Ледяного Призрака
ice_wraith_teeth	Зубы Ледяного Призрака, Зубов Ледяного Призрака, Зубам Ледяного Призрака, Зубами Ледяного Призрака, Зубах Ледяного Призрака
icy_spear	Ледяное Копьё, Ледяного Копья, Ледяному Копью, Ледяным Копьём, Ледяном Копье
idgrod	Идгрод, Идгрода, Идгроду, Идгродом, Идгроде
ienth_farm	Ферма Иента, Фермы Иента, Ферме Иента, Фермой Иента
igmund	Игмунд, Игмунда, Игмунду, Игмундом, Игмунде
ignite	Воспламенение, Воспламенения, Воспламенению, Воспламенением, Воспламенении
ilinalta's_deep	Глубины Илиналты, Глубин Илиналты, Глубинам Илиналты, Глубинами Илиналты, Глубинах Илиналты
illusion	Иллюзия, Иллюзии, Иллюзией
imp_gall	Желчь Беса, Желчи Беса, Желчью Беса
imp_stool	Бесово Кресло, Бесова Кресла, Бесову Креслу, Бесовым Креслом, Бесовом Кресле
imperial_city	Имперский город, Имперский Город, Столица Империи
imperial_legion	Имперский легион, Легион
improved_bonemold_armor	Улучшенный костяной доспех
improved_bonemold_boots	Улучшенные костяные сапоги
improved_bonemold_equipment	Улучшенное костяное снаряжение
improved_bonemold_gauntlets	Улучшенные костяные перчатки
improved_bonemold_helmet	Улучшенный костяной шлем
improved_bonemold_shield	Улучшенный костяной щит
incident_at_necrom	Происшествие в Некроме
incinerate	Испепеление
invisibility	Невидимость
invocation_of_azura	Призыв Азуры
irgnir's_house	Дом Иргнира
irkngthand	Иркнгтанд
iron-breaker_mine	Железоломная шахта
iron_arrow	Железная стрела
iron_equipment	Железное снаряжение
ironback_hideout	Убежище Железная Спина
ironbind_barrow	Курган Железных Оков
ironflesh	Железная плоть
ironwood_fruit	Плод железного дерева
ivarstead	Иварстад
jagar_tharn	Джагар Тарн
jala's_house	Дом Джалы
jarl's_longhouse	Длинный дом ярла
jazbay_grapes	Джазбайский виноград, Джазбай, Джазбая, Джазбаю, Джазбаем, Джазбае
jorgen_and_lami's_house	Дом Йоргена и Лами, Дома Йоргена и Лами, Дому Йоргена и Лами, Домом Йоргена и Лами, Доме Йоргена и Лами
jorrvaskr	Йоррваскр, Йоррваскра, Йоррваскру, Йоррваскром, Йоррваскре
journeyman's_nook	Уголок Странника, Уголка Странника, Уголку Странника, Уголком Странника, Уголке Странника
julianos	Юлианос, Юлианоса, Юлианосу, Юлианосом, Юлианосе
juniper_berries	Можжевеловые ягоды, Можжевеловых ягод, Можжевеловым ягодам, Можжевеловыми ягодами, Можжевеловых ягодах
juvenile_mudcrab	Молодой грязекраб, Молодого грязекраба, Молодому грязекрабу, Молодым грязекрабом, Молодом грязекрабе
jyggalag	Джиггалаг, Джиггалага, Джиггалагу, Джиггалагом, Джиггалаге
ka_po_tun	Ка По'Тун, Ка По'Туна, Ка По'Туну, Ка По'Туном, Ка По'Туне
kagouti_hide	Шкура кагути, Шкуры кагути, Шкуре кагути, Шкурой кагути
kagrenzel	Кагрензел, Кагрензела, Кагрензелу, Кагрензелом, Кагрензеле
kagrumez	Кагрумез, Кагрумеза, Кагрумезу, Кагрумезом, Кагрумезе
kamal	Камал, Камала, Камалу, Камалом, Камале
karthspire_camp	Лагерь Картспайр, Лагеря Картспайр, Лагерю Картспайр, Лагерем Картспайр, Лагере Картспайр
karthwasten	Картвастен, Картвастена, Картвастену, Картвастеном, Картвастене
katla's_farm	Ферма Катлы, Фермы Катлы, Ферме Катлы, Фермой Катлы
keening	Кининг, Кининга, Кинингу, Кинингом, Кининге
khajiit	Каджит, Каджита, Каджиту, Каджитом, Каджите
khajiiti_pantheon	Каджитский пантеон, Каджитского пантеона, Каджитскому пантеону, Каджитским пантеоном, Каджитском пантеоне
kilkreath_ruins	Руины Килкрит, Руин Килкрит, Руинам Килкрит, Руинами Килкрит, Руинах Килкрит
kjenstag_ruins	Руины Кьенстаг, Руин Кьенстаг, Руинам Кьенстаг, Руинами Кьенстаг, Руинах Кьенстаг
knifepoint_ridge	Гребень Ножевого Острия, Гребня Ножевого Острия, Гребню Ножевого Острия, Гребнем Ножевого Острия, Гребне Ножевого Острия
knights_of_the_nine	Рыцари Девяти, Рыцарей Девяти, Рыцарям Девяти, Рыцарями Девяти, Рыцарях Девяти
kolbjorn_barrow	Курган Кольбьорн, Кургана Кольбьорн, Кургану Кольбьорн, Курганом Кольбьорн, Кургане Кольбьорн
kolskeggr_mine	Шахта Кольскеггр, Шахты Кольскеггр, Шахте Кольскеггр, Шахтой Кольскеггр
korir	Корир, Корира, Кориру, Кориром, Корире
korvanjund	Корваньюнд, Корваньюнда, Корваньюнду, Корваньюндом, Корваньюнде
kraldar's_house	Дом Кралдара, Дома Кралдара, Дому Кралдара, Домом Кралдара, Доме Кралдара
kresh_fiber	Креш-волокно, Креш-волокна, Креш-волокну, Креш-волокном, Креш-волокне
krosis	Крозис, Крозиса, Крозису, Крозисом, Крозисе
kvatch	Кватч, Кватча, Кватчу, Кватчем, Кватче
kynareth	Кинарет, Кинарета, Кинарету, Кинаретом, Кинарете
kyne's_peace	Мир Кин, Мира Кин, Миру Кин, Миром Кин, Мире Кин
kynesgrove	Кайнсгроув, Кайнсгроува, Кайнсгроуву, Кайнсгроувом, Кайнсгроуве
labyrinthian	Лабиринтиан, Лабиринтиана, Лабиринтиану, Лабиринтианом, Лабиринтиане
laila	Лайла, Лайлы, Лайле, Лайлой
lake_geir	Озеро Гейр, Озера Гейр, Озеру Гейр, Озером Гейр, Озере Гейр
lake_honrich	Озеро Хонрич, Озера Хонрич, Озеру Хонрич, Озером Хонрич, Озере Хонрич
lakeview_manor	Лейквью-мэнор, Лейквью-мэнора, Лейквью-мэнору, Лейквью-мэнором, Лейквью-мэноре
largashbur	Ларгашбур, Ларгашбура, Ларгашбуру, Ларгашбуром, Ларгашбуре
large_antlers	
last_vigil	Последний дозор, Последнего дозора, Последнему дозору, Последним дозором, Последнем дозоре
lavender	
leather_equipment	
left_hand_mine	Шахта Левой руки, Шахты Левой руки, Шахте Левой руки, Шахтой Левой руки
leigelf's_house	Дом Лайгельфа, Дома Лайгельфа, Дому Лайгельфа, Домом Лайгельфа, Доме Лайгельфа
leki	Леки
lemkils_farm	Ферма Лемкила, Фермы Лемкила, Ферме Лемкила, Фермой Лемкила
lesser_ward	Малый щит, Малого щита, Малому щиту, Малым щитом, Малом щите
leyawiin	Лейавин, Лейавина, Лейавину, Лейавином, Лейавине
liar's_retreat	Логово Лжеца, Логова Лжеца, Логову Лжеца, Логовом Лжеца, Логове Лжеца
lichor	Лихор
light	
light_damage	
lightning_bolt	Молния, Молнии, Молнией
lightning_cloak	Плащ Молний, Плаща Молний, Плащу Молний, Плащом Молний, Плаще Молний
lightning_rune	Руна Молнии, Руны Молнии, Руне Молнии, Руной Молнии
lightning_storm	Шторм Молний, Шторма Молний, Шторму Молний, Штормом Молний, Шторме Молний
lod's_house	Дом Лода, Дома Лода, Дому Лода, Домом Лода, Доме Лода
lords_mail	Кольчуга Владыки, Кольчуги Владыки, Кольчуге Владыки, Кольчугой Владыки
loreius_farm	Ферма Лорея, Фермы Лорея, Ферме Лорея, Фермой Лорея
lorkhaj	Лоркхадж
lorkhan	Лорхан
lost_echo_cave	Пещера Потерянного Эха, Пещеры Потерянного Эха, Пещере Потерянного Эха, Пещерой Потерянного Эха
lost_knife_hideout	Логово Потерянного Ножа, Логова Потерянного Ножа, Логову Потерянного Ножа, Логовом Потерянного Ножа, Логове Потерянного Ножа
lost_prospect_mine	Шахта Потерянной Надежды, Шахты Потерянной Надежды, Шахте Потерянной Надежды, Шахтой Потерянной Надежды
lost_tongue_overlook	Смотровая Потерянного Языка, Смотровой Потерянного Языка
lost_valkygg	Потерянный Валькигг, Потерянного Валькигга, Потерянному Валькиггу, Потерянным Валькиггом, Потерянном Валькигге
lost_valley_redoubt	Укрепление Потерянной Долины, Укрепления Потерянной Долины, Укреплению Потерянной Долины, Укреплением Потерянной Долины, Укреплении Потерянной Долины
lotus_extract	Экстракт Лотоса, Экстракта Лотоса, Экстракту Лотоса, Экстрактом Лотоса, Экстракте Лотоса
luminous_russula	Светящаяся Сыроежка, Светящейся Сыроежки, Светящейся Сыроежке, Светящейся Сыроежкой
luna_moth_wing	Крыло Лунного Мотылька, Крыла Лунного Мотылька, Крылу Лунного Мотылька, Крылом Лунного Мотылька, Крыле Лунного Мотылька
lunar_lattice	Лунная Решетка, Лунной Решетки, Лунной Решетке, Лунной Решеткой
lunds_hut	Хижина Лунда, Хижины Лунда, Хижине Лунда, Хижиной Лунда
lycanthropy	Ликантропия, Ликантропии, Ликантропией
lyretail_anthias	
mace_of_molag_bal	Булава Молага Бала, Булавы Молага Бала, Булаве Молага Бала, Булавой Молага Бала
mace_of_the_crusader	Булава Крестоносца, Булавы Крестоносца, Булаве Крестоносца, Булавой Крестоносца
magelight	Магосвет, Магосвета, Магосвету, Магосветом, Магосвете
magicka	Магика, Магики, Магике, Магикой
magicka_poisons	
magicka_potions	
magnus	Магнус, Магнуса, Магнусу, Магнусом, Магнусе
malacath	Малакат, Малаката, Малакату, Малакатом, Малакате
malachite	
mammoth	
mannimarco	Маннимарко
maormer	Маормер, Маормеров, Маормерам, Маормерами, Маормерах
mara	Мара, Мары, Маре, Марой
mara's_eye_pond	Пруд Ока Мары, Пруда Ока Мары, Пруду Ока Мары, Прудом Ока Мары, Пруде Ока Мары
marbruk	Марбрук, Марбрука, Марбруку, Марбруком, Марбруке
marise_aravel's_house	Дом Маризы Аравель, Дома Маризы Аравель, Дому Маризы Аравель, Домом Маризы Аравель, Доме Маризы Аравель
markarth	Маркарт, Маркарта, Маркарту, Маркартом, Маркарте
markarth_stables	Конюшни Маркарта, Конюшен Маркарта, Конюшням Маркарта, Конюшнями Маркарта, Конюшнях Маркарта
marked_for_death	Обречён на смерть
marshmerrow	
martin_septim	Мартин Септим, Мартина Септима, Мартину Септиму, Мартином Септимом, Мартине Септиме
masque_of_clavicus_vile	Маска Клавикуса Вайла, Маски Клавикуса Вайла, Маске Клавикуса Вайла, Маской Клавикуса Вайла
mass_paralysis	Массовый паралич, Массового паралича, Массовому параличу, Массовым параличом, Массовом параличе
mayhem	Хаос, Хаоса, Хаосу, Хаосом, Хаосе
mede_dynasty	Меда, Меду, Медом, Меде
meeko's_shack	Хижина Мико, Хижины Мико, Хижине Мико, Хижиной Мико
mehrune_dagon	Мехрун Дагон, Мехруна Дагона, Мехруну Дагону, Мехруном Дагоном, Мехруне Дагоне
mehrunes_razor	Бритва Мехруна, Бритвы Мехруна, Бритве Мехруна, Бритвой Мехруна
mephala	Мефала, Мефалы, Мефале, Мефалой
merethic_era	Меретическая эра, Меретической эры, Меретической эре, Меретической эрой
meridia	Меридия, Меридии, Меридией
merryfair_farm	Ферма Меррифейр, Фермы Меррифейр, Ферме Меррифейр, Фермой Меррифейр
minotaur_horn	Рог минотавра, Рога минотавра, Рогу минотавра, Рогом минотавра, Роге минотавра
miraak	Мирак, Мирака, Мираку, Мираком, Мираке
mistveil_keep	Крепость Туманов, Крепости Туманов, Крепостью Туманов
mistwatch	Туманный Дозор, Туманного Дозора, Туманному Дозору, Туманным Дозором, Туманном Дозоре
mixwater_mill	Мельница Смешанных Вод, Мельницы Смешанных Вод, Мельнице Смешанных Вод, Мельницей Смешанных Вод
moesring_pass	Проход Моесринг, Прохода Моесринг, Проходу Моесринг, Проходом Моесринг, Проходе Моесринг
molag_bal	Молаг Бал, Молага Бала, Молагу Балу, Молагом Балом, Молаге Бале
moldering_ruins	Гниющие руины, Гниющих руин, Гниющим руинам, Гниющими руинами, Гниющих руинах
moon_sugar	Лунный сахар, Лунного сахара, Лунному сахару, Лунным сахаром, Лунном сахаре
moonstone	Лунный камень, Лунного камня, Лунному камню, Лунным камнем, Лунном камне
moorside_inn	Таверна на болоте, Таверны на болоте, Таверне на болоте, Таверной на болоте
mora_tapinella	Мора Тапинелла, Моры Тапинеллы, Море Тапинелле, Морой Тапинеллой
morag_tong	Мораг Тонг, Мораг Тонга, Мораг Тонгу, Мораг Тонгом, Мораг Тонге
morihaus	Морихаус, Морихауса, Морихаусу, Морихаусом, Морихаусе
morokei	Морокей, Морокея, Морокею, Морокеем, Морокее
morrowind	Морровинд, Морровинда, Морровинду, Морровиндом, Морровинде
mort_flesh	Мертвая плоть, Мертвой плоти, Мертвой плотью
morthal	Мортал, Мортала, Морталу, Морталом, Мортале
morvayn_ancestral_tomb	Гробница предков Морвейн, Гробницы предков Морвейн, Гробнице предков Морвейн, Гробницей предков Морвейн
morvunskar	Морвунскар, Морвунскара, Морвунскару, Морвунскаром, Морвунскаре
morwen's_house	Дом Морвен, Дома Морвен, Дому Морвен, Домом Морвен, Доме Морвен
moss_mother_cavern	Пещера Матери Мха, Пещеры Матери Мха, Пещере Матери Мха, Пещерой Матери Мха
mossy_glen_cave	Пещера Мшистого Ущелья, Пещеры Мшистого Ущелья, Пещере Мшистого Ущелья, Пещерой Мшистого Ущелья
mount_anthor	Гора Антор, Горы Антор, Горе Антор, Горой Антор
mount_moesring	Гора Мозринг, Горы Мозринг, Горе Мозринг, Горой Мозринг
movarth's_lair	Логово Моварта, Логова Моварта, Логову Моварта, Логовом Моварта, Логове Моварта
mudcrab	Грязный краб, Грязного краба, Грязному крабу, Грязным крабом, Грязном крабе
mudcrab_chitin	Хитин грязного краба, Хитина грязного краба, Хитину грязного краба, Хитином грязного краба, Хитине грязного краба
muffle	Заглушение, Заглушения, Заглушению, Заглушением, Заглушении
mundus	Мундус, Мундуса, Мундусу, Мундусом, Мундусе
mystery_of_talara	Тайна Талары, Тайны Талары, Тайне Талары, Тайной Талары
mystic_venom	Мистический яд, Мистического яда, Мистическому яду, Мистическим ядом, Мистическом яде
mythic_dawn	Мифический Рассвет, Мифического Рассвета, Мифическому Рассвету, Мифическим Рассветом, Мифическом Рассвете
mythic_dawn_commentaries	Комментарии к Мифическому Рассвету, Комментариев к Мифическому Рассвету, Комментариям к Мифическому Рассвету, Комментариями к Мифическому Рассвету, Комментариях к Мифическому Рассвету
myths_of_sheogorath	Мифы Шеогората, Мифов Шеогората, Мифам Шеогората, Мифами Шеогората, Мифах Шеогората
mzinchaleft	Мзинчалефт, Мзинчалефта, Мзинчалефту, Мзинчалефтом, Мзинчалефте
mzulft	Мзулфт, Мзулфта, Мзулфту, Мзулфтом, Мзулфте
nahkriin	Накрин, Накрина, Накрину, Накрином, Накрине
namira	Намира, Намиры, Намире, Намирой
namira_rot	Гниль Намиры, Гнили Намиры, Гнилью Намиры
narzulbur	Нарзулбур, Нарзулбура, Нарзулбуру, Нарзулбуром, Нарзулбуре
nchardak	Нчардак, Нчардака, Нчардаку, Нчардаком, Нчардаке
nchuand-zel	Нчуанд-Зель, Нчуанд-Зеля, Нчуанд-Зелю, Нчуанд-Зелем, Нчуанд-Зеле
necrom	Некром, Некрома, Некрому, Некромом, Некроме
necromancer_amulet	Амулет Некроманта, Амулета Некроманта, Амулету Некроманта, Амулетом Некроманта, Амулете Некроманта
necromancy	
necromantic_healing	
nedes	Неды, Недов, Недам, Недами, Недах
nerevar_at_red_mountain	Неревар у Красной Горы, Неревара у Красной Горы, Неревару у Красной Горы, Нереваром у Красной Горы, Нереваре у Красной Горы
nerevar_moon_and_star	Неревар Луна и Звезда, Неревара Луна и Звезда, Неревару Луна и Звезда, Нереваром Луна и Звезда, Нереваре Луна и Звезда
nerevarine	Нереварин, Нереварина, Нереварину, Нереварином, Нереварине
nerveshatter	Дробитель Нервов, Дробителя Нервов, Дробителю Нервов, Дробителем Нервов, Дробителе Нервов
netch_jelly	Желе Нетча
new_gnisis_cornerclub	Таверна «Новый Гнисис», Таверны «Новый Гнисис», Таверне «Новый Гнисис», Таверной «Новый Гнисис»
nightcaller_temple	Храм Ночного Зова, Храма Ночного Зова, Храму Ночного Зова, Храмом Ночного Зова, Храме Ночного Зова
nightgate_inn	Таверна «Ночные Врата», Таверны «Ночные Врата», Таверне «Ночные Врата», Таверной «Ночные Врата»
nightingale_hall	Зал Соловья, Зала Соловья, Залу Соловья, Залом Соловья, Зале Соловья
nightshade	
nightshade_extract	
nilheim	Нильхейм, Нильхейма, Нильхейму, Нильхеймом, Нильхейме
niranye's_house	Дом Ниранье, Дома Ниранье, Дому Ниранье, Домом Ниранье, Доме Ниранье
nirnroot	Корень Нирна, Корня Нирна, Корню Нирна, Корнем Нирна, Корне Нирна
nocturnal	Ноктюрнал, Ноктюрнала, Ноктюрналу, Ноктюрналом, Ноктюрнале
nord	Норды, Нордов, Нордам, Нордами, Нордах
nord_hero_arrow	Стрела Героя-Норда, Стрелы Героя-Норда, Стреле Героя-Норда, Стрелой Героя-Норда
nordic_arrow	Нордская Стрела, Нордской Стрелы, Нордской Стреле, Нордской Стрелой
nordic_barnacle	Нордский Барнакл, Нордского Барнакла, Нордскому Барнаклу, Нордским Барнаклом, Нордском Барнакле
nordic_equipment	Нордское снаряжение, Нордского снаряжения, Нордскому снаряжению, Нордским снаряжением, Нордском снаряжении
nordic_pantheon	Нордский пантеон, Нордского пантеона, Нордскому пантеону, Нордским пантеоном, Нордском пантеоне
nords_arise	Восстаньте, норды!, Восстаньте, нордов!, Восстаньте, нордам!, Восстаньте, нордами!, Восстаньте, нордах!
north_cold_rock_pass	Холодный Каменный Проход, Холодного Каменного Прохода, Холодному Каменному Проходу, Холодным Каменным Проходом, Холодном Каменном Проходе
north_skybound_watch	Небесный Дозорный Проход, Небесного Дозорного Прохода, Небесному Дозорному Проходу, Небесным Дозорным Проходом, Небесном Дозорном Проходе
northwatch_keep	Северный Дозор, Северного Дозора, Северному Дозору, Северным Дозором, Северном Дозоре
northwind_mine	Северный Ветер Шахта, Северного Ветра Шахты, Северному Ветру Шахте, Северным Ветром Шахтой, Северном Ветре Шахте
northwind_summit	Северный Ветер Вершина, Северного Ветра Вершины, Северному Ветру Вершине, Северным Ветром Вершиной, Северном Ветре Вершине
numidium	Нумидиум, Нумидиума, Нумидиуму, Нумидиумом, Нумидиуме
oakflesh	Дубовая Плоть, Дубовой Плоти, Дубовой Плотью
oblivion	Обливион, Обливиона, Обливиону, Обливионом, Обливионе
oblivion_crisis	Кризис Обливиона, Кризиса Обливиона, Кризису Обливиона, Кризисом Обливиона, Кризисе Обливиона
oghma_infinium	Огма Инфиниум, Огмы Инфиниума, Огме Инфиниуму, Огмой Инфиниумом, Огме Инфиниуме
ogmund's_house	Дом Огмунда, Дома Огмунда, Дому Огмунда, Домом Огмунда, Доме Огмунда
olaf_and_the_dragon	Олаф и Дракон, Олафа и Дракона, Олафу и Дракону, Олафом и Драконом, Олафе и Драконе
olava_the_feeble's_house	Дом Олавы Немощной, Дома Олавы Немощной, Дому Олавы Немощной, Домом Олавы Немощной, Доме Олавы Немощной
old_attius_farm	Старая Ферма Аттия, Старой Фермы Аттия, Старой Ферме Аттия, Старой Фермой Аттия
old_hroldan_inn	Старая Гостиница Хролдан, Старой Гостиницы Хролдан, Старой Гостинице Хролдан, Старой Гостиницей Хролдан
on_oblivion	Об Обливионе
orange_dartwing	Оранжевая Стрекоза, Оранжевой Стрекозы, Оранжевой Стрекозе, Оранжевой Стрекозой
orc	Орка, Орку, Орком, Орке
orc_stronghold	Оркская Крепость, Оркской Крепости, Оркской Крепостью
orcish_arrow	Оркская Стрела, Оркской Стрелы, Оркской Стреле, Оркской Стрелой
orcish_equipment	Оркское Снаряжение, Оркского Снаряжения, Оркскому Снаряжению, Оркским Снаряжением, Оркском Снаряжении
orges_teeth	Зубы Огра, Зубов Огра, Зубам Огра, Зубами Огра, Зубах Огра
orichalcum	Орихалк, Орихалка, Орихалку, Орихалком, Орихалке
orotheim	Оротейм, Оротейма, Оротейму, Оротеймом, Оротейме
orphan's_tear	Слеза Сироты, Слезы Сироты, Слезе Сироты, Слезой Сироты
orphan_rock	Скала Сироты, Скалы Сироты, Скале Сироты, Скалой Сироты
orsinium	Орсиниум, Орсиниума, Орсиниуму, Орсиниумом, Орсиниуме
orsinium_and_the_orcs	Орсиниум и орки, Орсиниума и орков, Орсиниуму и оркам, Орсиниумом и орками, Орсиниуме и орках
oslaf's_house	Дом Ослафа, Дома Ослафа, Дому Ослафа, Домом Ослафа, Доме Ослафа
otar_the_mad	Отар Безумный, Отара Безумного, Отару Безумному, Отаром Безумным, Отаре Безумном
pacify	
padomay	Падомай, Падомая, Падомаю, Падомаем, Падомае
palace_of_the_kings	Дворец Королей, Дворца Королей, Дворцу Королей, Дворцом Королей, Дворце Королей
pale_imperial_camp	Имперский Лагерь в Пределе, Имперского Лагеря в Пределе, Имперскому Лагерю в Пределе, Имперским Лагерем в Пределе, Имперском Лагере в Пределе
pale_stormcloak_camp	Лагерь Штормоклов в Пределе, Лагеря Штормоклов в Пределе, Лагерю Штормоклов в Пределе, Лагерем Штормоклов в Пределе, Лагере Штормоклов в Пределе
palla	Палла, Паллы, Палле, Паллой
paralyze	
peak's_shade_tower	Башня Тени Пика, Башни Тени Пика, Башне Тени Пика, Башней Тени Пика
pearl	
pearlfish	Жемчужница, Жемчужницы, Жемчужнице, Жемчужницей
pelagia_farm	Ферма Пелагия, Фермы Пелагия, Ферме Пелагия, Фермой Пелагия
pelinal_whitestrake	Пелинал Белый Змей, Пелинала Белого Змея, Пелиналу Белому Змею, Пелиналом Белым Змеем, Пелинале Белом Змее
penitus_oculatus	Пенитус Окулатус, Пенитус Окулатуса, Пенитус Окулатусу, Пенитус Окулатусом, Пенитус Окулатусе
peryite	Периайт, Периайта, Периайту, Периайтом, Периайте
philter_of_the_phantom	Фильтр Фантома, Фильтра Фантома, Фильтру Фантома, Фильтром Фантома, Фильтре Фантома
physicalities_of_werewolves	Физиология оборотней, Физиологии оборотней, Физиологией оборотней
pilgrim's_trench	Траншея Пилигрима, Траншеи Пилигрима, Траншее Пилигрима, Траншеей Пилигрима
pine_thrush_egg	Яйцо соснового дрозда, Яйца соснового дрозда, Яйцу соснового дрозда, Яйцом соснового дрозда, Яйце соснового дрозда
pinefrost_tower	Башня Сосновый Иней, Башни Сосновый Иней, Башне Сосновый Иней, Башней Сосновый Иней
pinemoon_cave	Пещера Сосновой Луны, Пещеры Сосновой Луны, Пещере Сосновой Луны, Пещерой Сосновой Луны
pinepeak_cavern	Грот Сосновой Вершины, Грота Сосновой Вершины, Гроту Сосновой Вершины, Гротом Сосновой Вершины, Гроте Сосновой Вершины
pinewatch	Сосновый Дозор, Соснового Дозора, Сосновому Дозору, Сосновым Дозором, Сосновом Дозоре
planemeld	Слияние Планов, Слияния Планов, Слиянию Планов, Слиянием Планов, Слиянии Планов
pogfish	Рыба-пог, Рыбы-пог, Рыбе-пог, Рыбой-пог
poison_bloom	Ядовитый Цветок, Ядовитого Цветка, Ядовитому Цветку, Ядовитым Цветком, Ядовитом Цветке
poison_damage	
poison_rune	Ядовитая Руна, Ядовитой Руны, Ядовитой Руне, Ядовитой Руной
potema	Потема, Потемы, Потеме, Потемой
potema's_catacombs	Катакомбы Потемы, Катакомб Потемы, Катакомбам Потемы, Катакомбами Потемы, Катакомбах Потемы
potion_of_blood	Зелье Крови, Зелья Крови, Зелью Крови, Зельем Крови
potion_of_conflict	Зелье Конфликта, Зелья Конфликта, Зелью Конфликта, Зельем Конфликта
potion_of_escape	Зелье Побега, Зелья Побега, Зелью Побега, Зельем Побега
potion_of_keenshot	Зелье Меткого Выстрела, Зелья Меткого Выстрела, Зелью Меткого Выстрела, Зельем Меткого Выстрела
potion_of_larceny	Зелье Воровства, Зелья Воровства, Зелью Воровства, Зельем Воровства
potion_of_plunder	Зелье Грабежа, Зелья Грабежа, Зелью Грабежа, Зельем Грабежа
potion_of_waterwalking	Зелье Хождения по Воде, Зелья Хождения по Воде, Зелью Хождения по Воде, Зельем Хождения по Воде
potion_of_well_being	Зелье Благополучия, Зелья Благополучия, Зелью Благополучия, Зельем Благополучия
powdered_mammoth_tusk	Порошок из бивня мамонта, Порошка из бивня мамонта, Порошку из бивня мамонта, Порошком из бивня мамонта, Порошке из бивня мамонта
proudspire_manor	Особняк Гордый Шпиль, Особняка Гордый Шпиль, Особняку Гордый Шпиль, Особняком Гордый Шпиль, Особняке Гордый Шпиль
psijic_order	Орден Псиджиков, Ордена Псиджиков, Ордену Псиджиков, Орденом Псиджиков, Ордене Псиджиков
purewater_run	Ручей Чистой Воды, Ручья Чистой Воды, Ручью Чистой Воды, Ручьём Чистой Воды, Ручье Чистой Воды
purple_butterfly_wing	Крыло фиолетовой бабочки, Крыла фиолетовой бабочки, Крылу фиолетовой бабочки, Крылом фиолетовой бабочки, Крыле фиолетовой бабочки
purple_mountain_flower	Пурпурный горный цветок, Пурпурного горного цветка, Пурпурному горному цветку, Пурпурным горным цветком, Пурпурном горном цветке
puzzling_pillar_ruins	Руины с загадочными колоннами, Руин с загадочными колоннами, Руинам с загадочными колоннами, Руинами с загадочными колоннами, Руинах с загадочными колоннами
pygmy_sunfish	Карликовый солнечник, Карликового солнечника, Карликовому солнечнику, Карликовым солнечником, Карликовом солнечнике
quicksilver_mine	Ртутная шахта, Ртутной шахты, Ртутной шахте, Ртутной шахтой
rabbit	
racial_phylogeny	Расовое филогения, Расовой филогении, Расовой филогенией
radiant_raiment	Сияющее одеяние, Сияющего одеяния, Сияющему одеянию, Сияющим одеянием, Сияющем одеянии
ragnar_the_red	Рагнар Рыжий, Рагнара Рыжего, Рагнару Рыжему, Рагнаром Рыжим, Рагнаре Рыжем
ragnvald	Рагнвальд, Рагнвальда, Рагнвальду, Рагнвальдом, Рагнвальде
rahgot	Рагот, Рагота, Раготу, Раготом, Раготе
raise_zombie	Поднять зомби, Поднятия зомби, Поднятию зомби, Поднятием зомби, Поднятии зомби
raldbthar	Ралдбтар, Ралдбтара, Ралдбтару, Ралдбтаром, Ралдбтаре
rally	
ramshackle_trading_post	Ветхий торговый пост, Ветхого торгового поста, Ветхому торговому посту, Ветхим торговым постом, Ветхом торговом посте
rannveig's_fast	Крепость Раннвейг, Крепости Раннвейг, Крепостью Раннвейг
rattles	Трясучка, Трясучки, Трясучке, Трясучкой
ravage_health	Истощение здоровья, Истощения здоровья, Истощению здоровья, Истощением здоровья, Истощении здоровья
ravage_magicka	Истощение магии, Истощения магии, Истощению магии, Истощением магии, Истощении магии
ravage_stamina	Истощение выносливости, Истощения выносливости, Истощению выносливости, Истощением выносливости, Истощении выносливости
raven_rock	Воронья скала, Вороньей скалы, Вороньей скале, Вороньей скалой
raven_rock_mine	Шахта Воронья скала, Шахты Воронья скала, Шахте Воронья скала, Шахтой Воронья скала
ravenscar_hollow	Логово Вороний шрам, Логова Вороний шрам, Логову Вороний шрам, Логовом Вороний шрам, Логове Вороний шрам
reach	Рифт, Рифта, Рифту, Рифтом, Рифте
reach_imperial_camp	Имперский лагерь в Рифте, Имперского лагеря в Рифте, Имперскому лагерю в Рифте, Имперским лагерем в Рифте, Имперском лагере в Рифте
reach_stormcloak_camp	Лагерь Штормоклов в Рифте, Лагеря Штормоклов в Рифте, Лагерю Штормоклов в Рифте, Лагерем Штормоклов в Рифте, Лагере Штормоклов в Рифте
reachcliff_cave	Пещера Утёса Достижения, Утёс Достижения
reachwater_rock	Скала Достижения Воды, Скала Достижения
reachwind_eyrie	Гнездовье Достижения Ветра, Гнездовье Достижения
reanimate	
reanimate_corpse	Оживление Трупа
rebel's_cairn	Курган Мятежника, Курган Мятежников
red_eagle_redoubt	Редут Красного Орла, Редут Орла
red_kelp_gas_bladder	Газовый Пузырь Красной Ламинарии
red_mountain	Красная Гора
red_mountain_flower	Цветок Красной Горы
red_road_pass	Перевал Красной Дороги, Перевал Красной
redbelly_mine	Шахта Красного Брюха, Шахта Красного
redguard	Красные Стражи, Красный Страж
redguard_pantheon	Пантеон Красных Стражей
redorans_retreat	Убежище Редорана
redwater_den	Логово Красной Воды, Логово Красной
redwater_skooma	Скума Красной Воды, Скума Красной
redwort_flower	Цветок Красной Травы
refugees'_rest	Приют Беженцев
regenerate_health	
regenerate_magicka	
regenerate_stamina	
regeneration_potions	Зелья Регенерации
repel_lesser_undead	Отпугивание Младшей Нежити
repel_undead	Отпугивание Нежити
resist_disease	
resist_fire	
resist_frost	
resist_magic	
resist_poison	
resist_shock	
resistance_potions	
restoration	Школа Восстановления, Восстановление
restore_health	
restore_health_to_undead	
restore_magicka	
restore_stamina	
revenant	Ревант
rift	Рифт
rift_imperial_camp	Имперский лагерь в Рифте
rift_stormcloak_camp	Лагерь Братьев Бури в Рифте
rift_watchtower	Дозорная башня Рифта
riften	Рифтен
riften_fishery	Рифтенская рыболовная ферма
riften_jail	Тюрьма Рифтена
riften_stables	Конюшни Рифтена
rimerock_burrow	Логово Ледяной Скалы
ring_of_hircine	Кольцо Хирсина
ring_of_khajiit	Кольцо каджитов
ring_of_namira	Кольцо Намиры
rising_threat	Восходящая угроза, Восходящей угрозы, Восходящей угрозе, Восходящей угрозой
ritual_stone	Камень Ритуала, Камня Ритуала, Камню Ритуала, Камнем Ритуала, Камне Ритуала
river_betty	Речная бетти, Речной бетти
riverside_shack	Приречная хижина, Приречной хижины, Приречной хижине, Приречной хижиной
riverwood	Ривервуд, Ривервуда, Ривервуду, Ривервудом, Ривервуде
roadside_ruins	Придорожные руины, Придорожных руин, Придорожным руинам, Придорожными руинами, Придорожных руинах
robber's_gorge	Разбойничье ущелье, Разбойничьего ущелья, Разбойничьему ущелью, Разбойничьим ущельем, Разбойничьем ущелье
rock_warbler_egg	Яйцо скальной славки, Яйца скальной славки, Яйцу скальной славки, Яйцом скальной славки, Яйце скальной славки
rockjoint	Камнеломка, Камнеломки, Камнеломке, Камнеломкой
romlyn_dreth's_house	Дом Ромлина Дрета, Дома Ромлина Дрета, Дому Ромлина Дрета, Домом Ромлина Дрета, Доме Ромлина Дрета
roobrush	Рубруш, Рубруша, Рубрушу, Рубрушем, Рубруше
rorikstead	Рорикстед, Рорикстеда, Рорикстеду, Рорикстедом, Рорикстеде
rot_scale	Гнилая чешуя, Гнилой чешуи, Гнилой чешуе, Гнилой чешуей
rout	Разгром, Разгрома, Разгрому, Разгромом, Разгроме
rueful_axe	Печальный топор, Печального топора, Печальному топору, Печальным топором, Печальном топоре
ruins_edge	Край руин, Края руин, Краю руин, Краем руин, Крае руин
ruins_of_bthalft	Руины Бталфта, Руин Бталфта, Руинам Бталфта, Руинами Бталфта, Руинах Бталфта
ruins_of_rkund	Руины Ркунда, Руин Ркунда, Руинам Ркунда, Руинами Ркунда, Руинах Ркунда
ruminations_on_the_elder_scrolls	Размышления о Древних Свитках, Размышлений о Древних Свитках, Размышлениям о Древних Свитках, Размышлениями о Древних Свитках, Размышлениях о Древних Свитках
rune	Руна, Руны, Руне, Руной
ruptga	Руптга, Руптги, Руптге, Руптгой
rustleif's_house	Дом Растлейфа, Дома Растлейфа, Дому Растлейфа, Домом Растлейфа, Доме Растлейфа
ruunvald	Руунвальд, Руунвальда, Руунвальду, Руунвальдом, Руунвальде
saarthal	Саартал, Саартала, Саарталу, Саарталом, Саартале
sabre_cat	Саблезуб, Саблезуба, Саблезубу, Саблезубом, Саблезубе
sabre_cat_tooth	Клык саблезуба, Клыка саблезуба, Клыку саблезуба, Клыком саблезуба, Клыке саблезуба
sacellum_of_boethiah	Сакеллум Боэтии, Сакеллума Боэтии, Сакеллуму Боэтии, Сакеллумом Боэтии, Сакеллуме Боэтии
sadri's_used_wares	Товары Садри, Товаров Садри, Товарам Садри, Товарами Садри, Товарах Садри
sadrith_mora	Садрит Мора, Садрит Моры, Садрит Море, Садрит Морой
saering's_watch	Дозор Сэринга, Дозора Сэринга, Дозору Сэринга, Дозором Сэринга, Дозоре Сэринга
saint_jiub	Святой Джиуб, Святого Джиуба, Святому Джиубу, Святым Джиубом, Святом Джиубе
salmon	
salmon_roe	
salt_pile	
saltrice	
salvius_farm	Ферма Сальвия, Фермы Сальвия, Ферме Сальвия, Фермой Сальвия
sancre_tor	Санкр Тор, Санкр Тора, Санкр Тору, Санкр Тором, Санкр Торе
sanguinare_vampiris	Сангвинар Вампирис, Сангвинара Вампирис, Сангвинару Вампирис, Сангвинаром Вампирис, Сангвинаре Вампирис
sanguine	Сангвин, Сангвина, Сангвину, Сангвином, Сангвине
sanguine_rose	Роза Сангвина, Розы Сангвина, Розе Сангвина, Розой Сангвина
sanuarach_mine	Шахта Сануарах, Шахты Сануарах, Шахте Сануарах, Шахтой Сануарах
sarethi_farm	Ферма Сарети, Фермы Сарети, Ферме Сарети, Фермой Сарети
satakal	Сатакал, Сатакала, Сатакалу, Сатакалом, Сатакале
saviors_hide	Шкура спасителя, Шкуры спасителя, Шкуре спасителя, Шкурой спасителя
scaled_armor	Чешуйчатая броня, Чешуйчатой брони, Чешуйчатой броне, Чешуйчатой бронёй
scaled_boots	Чешуйчатые сапоги, Чешуйчатых сапог, Чешуйчатым сапогам, Чешуйчатыми сапогами, Чешуйчатых сапогах
scaled_bracers	Чешуйчатые наручи, Чешуйчатых наручей, Чешуйчатым наручам, Чешуйчатыми наручами, Чешуйчатых наручах
scaled_equipment	Чешуйчатое снаряжение, Чешуйчатого снаряжения, Чешуйчатому снаряжению, Чешуйчатым снаряжением, Чешуйчатом снаряжении
scalon_fin	Плавник скалона, Плавника скалона, Плавнику скалона, Плавником скалона, Плавнике скалона
scaly_pholiota	Чешуйчатая фолиота, Чешуйчатой фолиоты, Чешуйчатой фолиоте, Чешуйчатой фолиотой
scathecraw	Скатекро, Скатекра, Скатекру, Скатекром, Скатекре
scorpion_fish	Скорпион-рыба, Скорпион-рыбы, Скорпион-рыбе, Скорпион-рыбой
screaming_maw	Кричащая пасть, Кричащей пасти, Кричащей пастью
scrib_jelly	Скрибовое желе, Скрибового желе, Скрибовому желе, Скрибовым желе, Скрибовом желе
scrib_jerky	Скрибовая вяленая полоска, Скрибовой вяленой полоски, Скрибовой вяленой полоске, Скрибовой вяленой полоской
second_era	Вторая эра, Второй эры, Второй эре, Второй эрой
second_treaty_of_stros_mkai	Второй договор Стоун-Мкай, Второго договора Стоун-Мкай, Второму договору Стоун-Мкай, Вторым договором Стоун-Мкай, Втором договоре Стоун-Мкай
secunda's_kiss	Поцелуй Секунды, Поцелуя Секунды, Поцелую Секунды, Поцелуем Секунды, Поцелуе Секунды
sentinel	Сентинел, Сентинела, Сентинелу, Сентинелом, Сентинеле
septim_dynasty	Династия Септимов, Династии Септимов, Династией Септимов
septimus_signus's_outpost	Форт Септимуса Сигнуса, Форта Септимуса Сигнуса, Форту Септимуса Сигнуса, Фортом Септимуса Сигнуса, Форте Септимуса Сигнуса
serpents_bluff_redoubt	Змеиный утёс, Змеиного утёса, Змеиному утёсу, Змеиным утёсом, Змеином утёсе
severin_manor	Поместье Северин, Поместья Северин, Поместью Северин, Поместьем Северин
severio_pelagia's_house	Дом Северио Пелагия, Дома Северио Пелагия, Дому Северио Пелагия, Домом Северио Пелагия, Доме Северио Пелагия
seyda_neen	Сейда-Нин, Сейды-Нин, Сейде-Нин, Сейдой-Нин
shadowgreen_cavern	Теневая зелень, Теневой зелени, Теневой зеленью
shadowrend	Теневой разрыв, Теневого разрыва, Теневому разрыву, Теневым разрывом, Теневом разрыве
shaman's_hut	Хижина шамана, Хижины шамана, Хижине шамана, Хижиной шамана
shearpoint	Острие, Острия, Острию, Острием
sheogorath	Шеогорат, Шеогората, Шеогорату, Шеогоратом, Шеогорате
shezarr_and_the_divines	Шезарр и Божества, Шезарра и Божеств, Шезарру и Божествам, Шезарром и Божествами, Шезарре и Божествах
shield_of_the_crusader	Щит крестоносца, Щита крестоносца, Щиту крестоносца, Щитом крестоносца, Щите крестоносца
shield_of_ysgramor	Щит Исграмора, Щита Исграмора, Щиту Исграмора, Щитом Исграмора, Щите Исграмора
shimmermist_cave	Мерцающий туман, Мерцающего тумана, Мерцающему туману, Мерцающим туманом, Мерцающем тумане
shock_damage	
shor's_stone	Камень Шора
shor's_stone
	
shor's_watchtower	Сторожевая башня Шора
short_history_of_morrowind	Краткая история Морровинда
shriekwind_bastion	Бастион Визжащего Ветра
shrine_of_azura	Святилище Азуры
shrine_of_mehrunes_dagon	Святилище Мехруна Дагона
shrine_to_peryite	Святилище Периайта
shroud_hearth_barrow	Курган Пепельного Очага
shrouded_grove	Укрытая роща
siddgeir	Сидджейр
sightless_pit	Слепая Яма
silent_moons_camp	Лагерь Безмолвных Лун
silus_vesuius's_house	Дом Силуса Везурия
silver-blood_inn	Таверна "Среброкровье"
silver_hand	Серебряная Рука
silverdrift_lair	Логово Серебряного Носителя
silverside_perch	Серебрянка
sithis	Ситис
skaal	Скаалы
skaal_village	Деревня Скаалов
skald	Скальд
skeever	Скивер
skeever_tail	Хвост скивера
skeleton_key	Скелетный ключ
skill_potions	зелья навыков
skingrad	Скинград, Скинграда, Скинграду, Скинградом, Скинграде
skooma	скума, скумы, скуме, скуму, скумой
skuldafn	Скулдафн, Скулдафна, Скулдафну, Скулдафном, Скулдафне
skull_of_corruption	Череп порчи, Черепа порчи, Черепу порчи, Черепом порчи, Черепе порчи
sky_haven_temple	Небесная гавань, Небесной гавани, Небесной гаванью
skyborn_altar	Алтарь Небесного рождения, Алтаря Небесного рождения, Алтарю Небесного рождения, Алтарём Небесного рождения, Алтаре Небесного рождения
skyforge	Небесная кузня, Небесной кузни, Небесной кузне, Небесной кузней
skyrim	Скайрим, Скайрима, Скайриму, Скайримом, Скайриме
skytemple_ruins	Руины Небесного храма, Руин Небесного храма, Руинам Небесного храма, Руинами Небесного храма, Руинах Небесного храма
slaughterfish	рыба-убийца, рыбы-убийцы, рыбе-убийце, рыбой-убийцей
slaughterfish_egg	икра рыбы-убийцы, икры рыбы-убийцы, икре рыбы-убийцы, икрой рыбы-убийцы
slaughterfish_scales	чешуя рыбы-убийцы, чешуи рыбы-убийцы, чешуе рыбы-убийцы, чешуёй рыбы-убийцы
sleeping_tree_camp	Лагерь Спящего дерева, Лагеря Спящего дерева, Лагерю Спящего дерева, Лагерем Спящего дерева, Лагере Спящего дерева
sleeping_tree_sap	Сок Спящего дерева, Сока Спящего дерева, Соку Спящего дерева, Соком Спящего дерева, Соке Спящего дерева
sload	слоад, слоада, слоаду, слоадом, слоаде
sload_soap	мыло слоада, мыла слоада, мылу слоада, мылом слоада, мыле слоада
slow	замедление, замедления, замедлению, замедлением, замедлении
slow_time	Замедление времени, Замедления времени, Замедлению времени, Замедлением времени, Замедлении времени
small_antlers	маленькие рога, маленьких рогов, маленьким рогам, маленькими рогами, маленьких рогах
small_pearl	маленькая жемчужина, маленькой жемчужины, маленькой жемчужине, маленькой жемчужиной
smelter_overseer's_house	Дом смотрителя плавильни, Дома смотрителя плавильни, Дому смотрителя плавильни, Домом смотрителя плавильни, Доме смотрителя плавильни
smithing_expertise	кузнечное мастерство, кузнечного мастерства, кузнечному мастерству, кузнечным мастерством, кузнечном мастерстве
snapleg_cave	Пещера Щелкунчика, Пещеры Щелкунчика, Пещере Щелкунчика, Пещерой Щелкунчика
snow-shod_farm	Ферма Снегоступов, Фермы Снегоступов, Ферме Снегоступов, Фермой Снегоступов
snow-shod_manor	Снежный Башмак, Усадьба Снежный Башмак, Снежного Башмака, Снежному Башмаку, Снежным Башмаком, Снежном Башмаке
snow_elf	Снежный эльф, Снежные эльфы, Снежного эльфа, Снежному эльфу, Снежным эльфом, Снежном эльфе
snow_veil_sanctum	Снежная Вуаль, Святилище Снежной Вуали, Снежной Вуали, Снежной Вуалью
snowberries	Снежные ягоды, Снежных ягод, Снежным ягодам, Снежными ягодами, Снежных ягодах
snowclad_ruins	Заснеженные руины, Заснеженных руин, Заснеженным руинам, Заснеженными руинами, Заснеженных руинах
snowpoint_beacon	Снежный Маяк, Снежного Маяка, Снежному Маяку, Снежным Маяком, Снежном Маяке
solitude	Солитьюд, Солитьюда, Солитьюду, Солитьюдом, Солитьюде
solitude_blacksmith	Кузница Солитьюда, Кузницы Солитьюда, Кузнице Солитьюда, Кузницей Солитьюда
solitude_lighthouse	Маяк Солитьюда, Маяка Солитьюда, Маяку Солитьюда, Маяком Солитьюда, Маяке Солитьюда
solitude_sawmill	Лесопилка Солитьюда, Лесопилки Солитьюда, Лесопилке Солитьюда, Лесопилкой Солитьюда
soljund's_sinkhole	Воронка Солджунда, Воронки Солджунда, Воронке Солджунда, Воронкой Солджунда
solstheim	Солстхейм, Солстхейма, Солстхейму, Солстхеймом, Солстхейме
sotha_sil	Сота Сил, Соты Сил, Соте Сил, Сотой Сил
soul_gems	Камни душ, Камней душ, Камням душ, Камнями душ, Камнях душ
soul_husk_extract	Экстракт шелухи душ, Экстракта шелухи душ, Экстракту шелухи душ, Экстрактом шелухи душ, Экстракте шелухи душ
soul_tear	Разрыв души, Разрыва души, Разрыву души, Разрывом души, Разрыве души
soul_trap	Ловушка душ, Ловушки душ, Ловушке душ, Ловушкой душ
south_skybound_watch	Южный Небесный Дозор, Южного Небесного Дозора, Южному Небесному Дозору, Южным Небесным Дозором, Южном Небесном Дозоре
southfringe_sanctum	Святилище Южной Окраины, Святилища Южной Окраины, Святилищу Южной Окраины, Святилищем Южной Окраины
spadefish	Рыба-лопата, Рыбы-лопаты, Рыбе-лопате, Рыбой-лопатой
sparks	Искры, Искр, Искрам, Искрами, Искрах
spawn_ash	Пепел порождения, Пепла порождения, Пеплу порождения, Пеплом порождения, Пепле порождения
spear_of_bitter_mercy	Копье Горькой Милости, Копья Горькой Милости, Копью Горькой Милости, Копьем Горькой Милости
spectral_arrow	Призрачная стрела, Призрачной стрелы, Призрачной стреле, Призрачной стрелой
spell_absorption	Поглощение заклинаний, Поглощения заклинаний, Поглощению заклинаний, Поглощением заклинаний, Поглощении заклинаний
spellbreaker	Страж Заката, Стража Заката, Стражу Заката, Стражем Заката, Страже Заката
spiddal_stick	Спиддал Стик, Спиддал Стика, Спиддал Стику, Спиддал Стиком, Спиддал Стике
spider_egg	Яйцо паука, Яйца паука, Яйцу паука, Яйцом паука, Яйце паука
spriggan	Спригган, Сприггана, Сприггану, Спригганом, Сприггане
spriggan_sap	Сок сприггана, Сока сприггана, Соку сприггана, Соком сприггана, Соке сприггана
staff_of_hasedoki	Посох Хаседоки, Посоха Хаседоки, Посоху Хаседоки, Посохом Хаседоки, Посохе Хаседоки
staff_of_magnus	Посох Магнуса, Посоха Магнуса, Посоху Магнуса, Посохом Магнуса, Посохе Магнуса
stalhrim	Стальрим, Стальрима, Стальриму, Стальримом, Стальриме
stalhrim_arrow	Стрела из стальрима, Стрелы из стальрима, Стреле из стальрима, Стрелой из стальрима
stalhrim_equipment	Снаряжение из стальрима, Снаряжения из стальрима, Снаряжению из стальрима, Снаряжением из стальрима, Снаряжении из стальрима
stalhrim_light_equipment	Лёгкое снаряжение из стальрима, Лёгкого снаряжения из стальрима, Лёгкому снаряжению из стальрима, Лёгким снаряжением из стальрима, Лёгком снаряжении из стальрима
stalhrim_source	Источник стальрима, Источника стальрима, Источнику стальрима, Источником стальрима, Источнике стальрима
stallions_potion	Зелье жеребца, Зелья жеребца, Зелью жеребца, Зельем жеребца
stamina_poisons	Яды выносливости, Ядов выносливости, Ядам выносливости, Ядами выносливости, Ядах выносливости
stamina_potions	Зелья выносливости, Зелий выносливости, Зельям выносливости, Зельями выносливости, Зельях выносливости
statue_to_meridia	Статуя Меридии, Статуи Меридии, Статуе Меридии, Статуей Меридии
steadfast_ward	Стойкая защита, Стойкой защиты, Стойкой защите, Стойкой защитой
steamcrag_camp	Лагерь Паровая скала, Лагеря Паровая скала, Лагерю Паровая скала, Лагерем Паровая скала, Лагере Паровая скала
steel_arrow	Стальная стрела, Стальной стрелы, Стальной стреле, Стальной стрелой
steel_blue_entoloma	Стально-синяя энтолома, Стально-синей энтоломы, Стально-синей энтоломе, Стально-синей энтоломой
steel_bolt	Стальной болт, Стального болта, Стальному болту, Стальным болтом, Стальном болте
steel_equipment	Стальное снаряжение, Стального снаряжения, Стальному снаряжению, Стальным снаряжением, Стальном снаряжении
steel_plate_equipment	Стальное пластинчатое снаряжение, Стального пластинчатого снаряжения, Стальному пластинчатому снаряжению, Стальным пластинчатым снаряжением, Стальном пластинчатом снаряжении
steepfall_burrow	Нора Крутой обрыв, Норы Крутой обрыв, Норе Крутой обрыв, Норой Крутой обрыв
stendarr	Стендарр, Стендарра, Стендарру, Стендарром, Стендарре
stendarr's_aura	Аура Стендарра, Ауры Стендарра, Ауре Стендарра, Аурой Стендарра
stendarr's_beacon	Маяк Стендарра, Маяка Стендарра, Маяку Стендарра, Маяком Стендарра, Маяке Стендарра
stendarrs_hammer	Молот Стендарра, Молота Стендарра, Молоту Стендарра, Молотом Стендарра, Молоте Стендарра
stillborn_cave	Пещера Мертворождённого, Пещеры Мертворождённого, Пещере Мертворождённого, Пещерой Мертворождённого
stoneflesh	Каменная кожа, Каменной кожи, Каменной коже, Каменной кожей
stoneflower_petals	Лепестки каменного цветка, Лепестков каменного цветка, Лепесткам каменного цветка, Лепестками каменного цветка, Лепестках каменного цветка
stonehill_bluff	Утёс Каменного Холма, Утёса Каменного Холма, Утёсу Каменного Холма, Утёсом Каменного Холма, Утёсе Каменного Холма
stonehills	Каменные Холмы, Каменных Холмов, Каменным Холмам, Каменными Холмами, Каменных Холмах
stony_creek_cave	Пещера Каменистого Ручья, Пещеры Каменистого Ручья, Пещере Каменистого Ручья, Пещерой Каменистого Ручья
storm_atronach	Штормовой атронах, Штормового атронаха, Штормовому атронаху, Штормовым атронахом, Штормовом атронахе
storm_call	Призыв бури, Призыва бури, Призыву бури, Призывом бури, Призыве бури
storm_thrall	Раб бури, Раба бури, Рабу бури, Рабом бури, Рабе бури
stormcloaks	Штормовики, Штормовиков, Штормовикам, Штормовиками, Штормовиках
stormhold	Штормхолд, Штормхолда, Штормхолду, Штормхолдом, Штормхолде
stros_m'kai	Стросс М'Кай, Стросс М'Кая, Стросс М'Каю, Стросс М'Каем, Стросс М'Кае
stros_m-kai_rum	Ром Стросс М'Кай, Рома Стросс М'Кай, Рому Стросс М'Кай, Ромом Стросс М'Кай, Роме Стросс М'Кай
summerset_isles	Острова Саммерсет, Островов Саммерсет, Островам Саммерсет, Островами Саммерсет, Островах Саммерсет
summon_arniel's_shade	Призыв тени Арниэля, Призыва тени Арниэля, Призыву тени Арниэля, Призывом тени Арниэля, Призыве тени Арниэля
summon_durnehviir	Призыв Дурневира, Призыва Дурневира, Призыву Дурневира, Призывом Дурневира, Призыве Дурневира
summon_unbound_dremora	Призыв неподвластного дреморы, Призыва неподвластного дреморы, Призыву неподвластного дреморы, Призывом неподвластного дреморы, Призыве неподвластного дреморы
sun_damage	Солнечный урон, Солнечного урона, Солнечному урону, Солнечным уроном, Солнечном уроне
sun_fire	Солнечный огонь, Солнечного огня, Солнечному огню, Солнечным огнём, Солнечном огне
sun_stone	Солнечный камень, Солнечного камня, Солнечному камню, Солнечным камнем, Солнечном камне
sunder	Раздор, Раздора, Раздору, Раздором, Раздоре
sundered_towers	Разрушенные башни, Разрушенных башен, Разрушенным башням, Разрушенными башнями, Разрушенных башнях
sunderstone_gorge	Сандерстоун-Горж
swamp_fungal_pod	Болотный грибной стручок
swindlers_den	Логово Мошенника
sword_of_the_crusader	Меч Крестоносца
synod	Синод
talking_stone_camp	Лагерь Говорящий Камень
talos	Талос, Талоса, Талосу, Талосом, Талосе
tamriel	Тамриэль, Тамриэля, Тамриэлю, Тамриэлем, Тамриэле
tang_mo	Тан-Мо
taproot	Корневище
tel_mithryn	Тел-Митрин
telekinesis	Телекинез
telekinesis_arrow	Телекинетическая стрела
telekinesis_effect	Эффект телекинеза
teleport_pet	Телепортация питомца
temple_ancestral_tomb	Храм Предков
temple_of_dibella	Храм Дибеллы
temple_of_kynareth	Храм Кинарет
temple_of_mara	Храм Мары
temple_of_miraak	Храм Мирака
temple_of_talos	Храм Талоса
temple_of_the_divines	Храм Богов
thalmor	Талмор, Талмора, Талмору, Талмором, Талморе
thalmor_embassy	Посольство Талмора
thalmor_equipment	Снаряжение Талмора
thalmor_headquarters	Штаб-квартира Талмора, Штаб-квартиры Талмора, Штаб-квартире Талмора, Штаб-квартирой Талмора
thaumaturgist's_hut	Хижина Тавматурга, Хижины Тавматурга, Хижине Тавматурга, Хижиной Тавматурга
the_adabal-a	Адабал-А
the_aetherium_wars	Войны за Этерий, Войн за Этерий, Войнам за Этерий, Войнами за Этерий, Войнах за Этерий
the_age_of_aggression	Век Агрессии, Века Агрессии, Веку Агрессии, Веком Агрессии, Веке Агрессии
the_age_of_aggression
	
the_age_of_oppression	Век Угнетения, Века Угнетения, Веку Угнетения, Веком Угнетения, Веке Угнетения
the_alduin_akatosh_dichotomy	Дилемма Алдуина и Акатоша, Дилеммы Алдуина и Акатоша, Дилемме Алдуина и Акатоша, Дилеммой Алдуина и Акатоша
the_anticipations	Предвестия, Предвестий, Предвестиям, Предвестиями, Предвестиях
the_apprentice's_assistant	Помощник ученика, Помощника ученика, Помощнику ученика, Помощником ученика, Помощнике ученика
the_apprentice_stone	Камень Ученика, Камня Ученика, Камню Ученика, Камнем Ученика, Камне Ученика
the_arcturian_heresy	Арктурианская ересь, Арктурианской ереси, Арктурианской ересью
the_armorer's_challenge	Вызов кузнеца, Вызова кузнеца, Вызову кузнеца, Вызовом кузнеца, Вызове кузнеца
the_art_of_war_magic	Магия военного искусства, Магии военного искусства, Магией военного искусства
the_atronach_stone	Камень Атронаха, Камня Атронаха, Камню Атронаха, Камнем Атронаха, Камне Атронаха
the_axe_man	Человек с топором, Человека с топором, Человеку с топором, Человеком с топором, Человеке с топором
the_bannered_mare	«Вымя и флаг», «Вымени и флага», «Вымени и флагу», «Вымем и флагом», «Вымени и флаге»
the_bear_of_markarth	Медведь из Маркарта, Медведя из Маркарта, Медведю из Маркарта, Медведем из Маркарта, Медведе из Маркарта
the_bee_and_barb	«Пчела и шип», «Пчелы и шипа», «Пчеле и шипу», «Пчелой и шипом», «Пчеле и шипе»
the_black_arrow	Черная стрела, Черной стрелы, Черной стреле, Черной стрелой
the_black_arts_on_trial	Черное искусство под судом, Черного искусства под судом, Черному искусству под судом, Черным искусством под судом, Черном искусстве под судом
the_book_of_daedra	Книга Даэдра, Книги Даэдра, Книге Даэдра, Книгой Даэдра
the_book_of_the_dragonborn	Книга Драконорожденного, Книги Драконорожденного, Книге Драконорожденного, Книгой Драконорожденного
the_bulwark	Вала, Валу, Валом, Вале
the_buying_game	Игра в покупку, Игры в покупку, Игре в покупку, Игрой в покупку
the_cabin_in_the_woods	Хижина в лесу, Хижины в лесу, Хижине в лесу, Хижиной в лесу
the_cake_and_the_diamond	Пирог и алмаз, Пирога и алмаза, Пирогу и алмазу, Пирогом и алмазом, Пироге и алмазе
the_city_of_stone	Город камня, Города камня, Городу камня, Городом камня, Городе камня
the_code_of_malacath	Кодекс Малаката, Кодекса Малаката, Кодексу Малаката, Кодексом Малаката, Кодексе Малаката
the_doors_of_oblivion	Врата Обливиона, Врат Обливиона, Вратам Обливиона, Вратами Обливиона, Вратах Обливиона
the_dragon_break_reexamined	Разрыв дракона: пересмотр, Разрыва дракона: пересмотра, Разрыву дракона: пересмотру, Разрывом дракона: пересмотром, Разрыве дракона: пересмотре
the_dragonborn_comes	Рождённый драконом грядёт, Рождённого драконом грядущего, Рождённому драконом грядущему, Рождённым драконом грядущим, Рождённом драконом грядущем
the_drunken_huntsman	Пьяный охотник, Пьяного охотника, Пьяному охотнику, Пьяным охотником, Пьяном охотнике
the_firmament	Небосвод, Небосвода, Небосводу, Небосводом, Небосводе
the_firsthold_revolt	Восстание в Фёрстхолде, Восстания в Фёрстхолде, Восстанию в Фёрстхолде, Восстанием в Фёрстхолде, Восстании в Фёрстхолде
the_frozen_hearth	Замерзший очаг, Замерзшего очага, Замерзшему очагу, Замерзшим очагом, Замерзшем очаге
the_hag's_cure	Ведьмино снадобье, Ведьминого снадобья, Ведьминому снадобью, Ведьминым снадобьем, Ведьмином снадобье
the_holds_of_skyrim	Владения Скайрима, Владений Скайрима, Владениям Скайрима, Владениями Скайрима, Владениях Скайрима
the_katariah	Катария, Катарии, Катарией
the_lady_stone	Камень Госпожи, Камня Госпожи, Камню Госпожи, Камнем Госпожи, Камне Госпожи
the_legend_of_red_eagle	Легенда о Красном Орле, Легенды о Красном Орле, Легенде о Красном Орле, Легендой о Красном Орле
the_lord_stone	Камень Господина, Камня Господина, Камню Господина, Камнем Господина, Камне Господина
the_lover_stone	Камень Влюблённых, Камня Влюблённых, Камню Влюблённых, Камнем Влюблённых, Камне Влюблённых
the_lusty_argonian_maid	Похотливая аргонская дева, Похотливой аргонской девы, Похотливой аргонской деве, Похотливой аргонской девой
the_midden	Мидден, Миддена, Миддену, Мидденом, Миддене
the_mortar_and_pestle	Ступка и пестик, Ступки и пестика, Ступке и пестику, Ступкой и пестиком, Ступке и пестике
the_pale	Предел, Предела, Пределу, Пределом, Пределе
the_pawned_prawn	Заложенная креветка, Заложенной креветки, Заложенной креветке, Заложенной креветкой
the_poison_song	Песнь яда, Песни яда, Песни яду, Песнью яда, Песни яде
the_ragged_flagon	Потрёпанный флагон, Потрёпанного флагона, Потрёпанному флагону, Потрёпанным флагоном, Потрёпанном флагоне
the_ratway	Ратвей, Ратвея, Ратвею, Ратвеем, Ратвее
the_real_barenziah	Настоящая Барензия
the_red_year	Красный год
the_retching_netch	Нетч, которого тошнит, Нетч
the_rise_and_fall_of_the_blades	Расцвет и падение клинков
the_scorched_hammer	Опаленный молот
the_sea_squall	Морской шквал
the_serpent_stone	Камень Змея, Змея
the_shadow_stone	Камень Тени, Тени
the_song_of_pelinal	Песнь о Пелинале
the_steed_stone	Камень Коня, Коня
the_third_era_timeline	Третья эра: Краткая хронология
the_tower_stone	Камень Башни, Башни
the_warrens	Варренс, Варренса, Варренсу, Варренсом, Варренсе
the_white_hall	Белый зал, Белого зала, Белому залу, Белым залом, Белом зале
the_wild_elves	Дикие эльфы
the_winking_skeever	Подмигивающий скевер, Скевер
thieves_guild	Гильдия воров, Гильдии воров, Гильдией воров
third_era	Третья эра, Третьей эры, Третьей эре, Третьей эрой
thistle_branch	Ветка чертополоха
thonnir's_house	Дом Тоннира
thorn_hook	Шип-крюк
thrassian_plague	Трассианская чума
three_banners_war	Война трех знамен
three_thieves	Три вора
throat_of_the_world	Глотка Мира, Глотки Мира, Глотке Мира, Глоткой Мира
throw_voice	Бросок Голоса, Броска Голоса, Броску Голоса, Броском Голоса, Броске Голоса
thunderbolt	Громовой Разряд, Громового Разряда, Громовому Разряду, Громовым Разрядом, Громовом Разряде
tiber_septim	Тиберий Септим, Тиберия Септима, Тиберию Септиму, Тиберием Септимом, Тиберии Септиме
tolvald's_cave	Пещера Тольвальда, Пещеры Тольвальда, Пещере Тольвальда, Пещерой Тольвальда
tonal_architecture	Тональная Архитектура, Тональной Архитектуры, Тональной Архитектуре, Тональной Архитектурой
torchbug_thorax	Грудка Светлячка, Грудки Светлячка, Грудке Светлячка, Грудкой Светлячка
torval	Торваль, Торваля, Торвалю, Торвалем, Торвале
tower_of_mzark	Башня Мзарк, Башни Мзарк, Башне Мзарк, Башней Мзарк
traitor's_post	Пост Предателя, Поста Предателя, Посту Предателя, Постом Предателя, Посте Предателя
trama_root	Корень Трамы, Корня Трамы, Корню Трамы, Корнем Трамы, Корне Трамы
transmute	Трансмутация, Трансмутации, Трансмутацией
transmute_mineral_ore	Трансмутация Руды, Трансмутации Руды, Трансмутацией Руды
treasury_house	Дом Сокровищ, Дома Сокровищ, Дому Сокровищ, Домом Сокровищ, Доме Сокровищ
treva's_watch	Дозор Тревы, Дозора Тревы, Дозору Тревы, Дозором Тревы, Дозоре Тревы
tribunal_temple	Храм Трибунала, Храма Трибунала, Храму Трибунала, Храмом Трибунала, Храме Трибунала
trinimac	Тринимак, Тринимака, Тринимаку, Тринимаком, Тринимаке
tripod_spiderfish	Тренога-Паук, Треноги-Паука, Треноге-Пауку, Треногой-Пауком, Треноге-Пауке
troll_fat	Жир Тролля, Жира Тролля, Жиру Тролля, Жиром Тролля, Жире Тролля
trolls	Тролли, Троллей, Троллям, Троллями, Троллях
tsaesci	Цаэски, Цаэсков, Цаэскам, Цаэсками, Цаэсках
tumble_arch_pass	Перевал Арки, Перевала Арки, Перевалу Арки, Перевалом Арки, Перевале Арки
tundra_cotton	Тундровый Хлопок, Тундрового Хлопка, Тундровому Хлопку, Тундровым Хлопком, Тундровом Хлопке
turn_greater_undead	Изгнание Сильных Нежити, Изгнания Сильных Нежити, Изгнанию Сильных Нежити, Изгнанием Сильных Нежити, Изгнании Сильных Нежити
turn_lesser_undead	Изгнание Слабой Нежити, Изгнания Слабой Нежити, Изгнанию Слабой Нежити, Изгнанием Слабой Нежити, Изгнании Слабой Нежити
turn_undead	Изгнание нежити, Изгнания нежити, Изгнанию нежити, Изгнанием нежити, Изгнании нежити
twilight_sepulcher	Сумеречный склеп, Сумеречного склепа, Сумеречному склепу, Сумеречным склепом, Сумеречном склепе
ulen_ancestral_tomb	Гробница предков Улена, Гробницы предков Улена, Гробнице предков Улена, Гробницей предков Улена
ulfric_stormcloak	Ульфрик Буревестник, Ульфрика Буревестника, Ульфрику Буревестнику, Ульфриком Буревестником, Ульфрике Буревестнике
umbra	Умбра, Умбры, Умбре, Умброй
underking	Подкороль, Подкороля, Подкоролю, Подкоролем, Подкороле
understone_keep	Крепость Подкамень, Крепости Подкамень, Крепостью Подкамень
unknown_potion	Неизвестное зелье, Неизвестного зелья, Неизвестному зелью, Неизвестным зельем, Неизвестном зелье
unrelenting_force	Неумолимая сила, Неумолимой силы, Неумолимой силе, Неумолимой силой
uriel_septim_vii	Уриэль Септим VII, Уриэля Септима VII, Уриэлю Септиму VII, Уриэлем Септимом VII, Уриэле Септиме VII
ustengrav	Устенграв, Устенграва, Устенграву, Устенгравом, Устенграве
uthgerd's_house	Дом Утгерд, Дома Утгерд, Дому Утгерд, Домом Утгерд, Доме Утгерд
utility_potions	Зелья полезных эффектов, Зелий полезных эффектов, Зельям полезных эффектов, Зельями полезных эффектов, Зельях полезных эффектов
uttering_hills_cave	Пещера Шепчущих холмов, Пещеры Шепчущих холмов, Пещере Шепчущих холмов, Пещерой Шепчущих холмов
vaermina	Вермина, Вермины, Вермине, Верминой
vaerminas_torpor	Оцепенение Вермины, Оцепенения Вермины, Оцепенению Вермины, Оцепенением Вермины, Оцепенении Вермины
vahlok's_tomb	Гробница Валока, Гробницы Валока, Гробнице Валока, Гробницей Валока
vahlok_the_jailor	Валок-тюремщик, Валока-тюремщика, Валоку-тюремщику, Валоком-тюремщиком, Валоке-тюремщике
valenwood	Валенвуд, Валенвуда, Валенвуду, Валенвудом, Валенвуде
valindor's_house	Дом Валиндора, Дома Валиндора, Дому Валиндора, Домом Валиндора, Доме Валиндора
valtheim_towers	Башни Валтейм, Башен Валтейм, Башням Валтейм, Башнями Валтейм, Башнях Валтейм
valthume	Валтум, Валтума, Валтуму, Валтумом, Валтуме
vampire	Вампир, Вампира, Вампиру, Вампиром, Вампире
vampire's_bane	Погибель вампира, Погибели вампира, Погибелью вампира
vampire_dust	Вампирская пыль, Вампирской пыли, Вампирской пылью
vampire_equipment	
vampire_fish	
vampiric_drain	
vampirism	
varieties_of_daedra	
varieties_of_faith_in_the_empire	
velvet_lechance	
vigil_of_stendarr	Стражники Стендарра, Стражников Стендарра, Стражникам Стендарра, Стражниками Стендарра, Стражниках Стендарра
viola_giordano's_house	
vision_of_the_tenth_eye	
vitality_potions	
vittoria_vici	Виттория Вичи, Виттории Вичи, Витторией Вичи
vittoria_vici's_house	
vivec	Вивек, Вивека, Вивеку, Вивеком, Вивеке
vlindrel_hall	Влиндрел-холл, Влиндрел-холла, Влиндрел-холлу, Влиндрел-холлом, Влиндрел-холле
void_essence	
void_salts	
vokun	Вокун, Вокуна, Вокуну, Вокуном, Вокуне
volendrung	Волендранг, Волендранга, Волендрангу, Волендрангом, Волендранге
volkihar	Волкихар, Волкихара, Волкихару, Волкихаром, Волкихаре
volskygge	Волскигге
volsung	Волсунг, Волсунга, Волсунгу, Волсунгом, Волсунге
volunruud	Волунруд, Волунруда, Волунруду, Волунрудом, Волунруде
vvardenfell	Вварденфелл, Вварденфелла, Вварденфеллу, Вварденфеллом, Вварденфелле
wabbajack	Ваббаджек, Ваббаджека, Ваббаджеку, Ваббаджеком, Ваббаджеке
wall_of_flames	Стена пламени, Стены пламени, Стене пламени, Стеной пламени
wall_of_frost	Стена холода, Стены холода, Стене холода, Стеной холода
wall_of_storms	Стена бури, Стены бури, Стене бури, Стеной бури
war_of_the_red_diamond	Война Красного Бриллианта, Войны Красного Бриллианта, Войне Красного Бриллианта, Войной Красного Бриллианта
ward	Защита, Защиты, Защите, Защитой
warmaiden's	Кузница Девы войны, Кузницы Девы войны, Кузнице Девы войны, Кузницей Девы войны
warp_in_the_west	Искривление Запада, Искривления Запада, Искривлению Запада, Искривлением Запада, Искривлении Запада
watchers_eye	Глаз стража, Глаза стража, Глазу стража, Глазом стража, Глазе стража
water_stone	Камень Воды, Камня Воды, Камню Воды, Камнем Воды, Камне Воды
waterbreathing	Водное дыхание, Водного дыхания, Водному дыханию, Водным дыханием, Водном дыхании
waterwalking	Хождение по воде, Хождения по воде, Хождению по воде, Хождением по воде, Хождении по воде
wayrest	Вэйрест, Вэйреста, Вэйресту, Вэйрестом, Вэйресте
wayward_pass	Блуждающий перевал, Блуждающего перевала, Блуждающему перевалу, Блуждающим перевалом, Блуждающем перевале
weakness_to_fire	Уязвимость к огню, Уязвимости к огню, Уязвимостью к огню
weakness_to_frost	Уязвимость к холоду, Уязвимости к холоду, Уязвимостью к холоду
weakness_to_magic	Уязвимость к магии, Уязвимости к магии, Уязвимостью к магии
weakness_to_poison	Уязвимость к яду, Уязвимости к яду, Уязвимостью к яду
weakness_to_shock	Уязвимость к электричеству, Уязвимости к электричеству, Уязвимостью к электричеству
werewolf	Вервольф, Вервольфа, Вервольфу, Вервольфом, Вервольфе
western_watchtower	Западная сторожевая башня, Западной сторожевой башни, Западной сторожевой башне, Западной сторожевой башней
weynon_stones	Камни Вейнон, Камней Вейнон, Камням Вейнон, Камнями Вейнон, Камнях Вейнон
wheat	
where_were_you_when_the_dragon_broke	Где ты был, когда сломался Дракон
whirlwind_cloak	Плащ вихря, Плаща вихря, Плащу вихря, Плащом вихря, Плаще вихря
whirlwind_sprint	Вихревой рывок, Вихревого рывка, Вихревому рывку, Вихревым рывком, Вихревом рывке
whistling_mine	Свистящая шахта
white_cap	Белая шляпка
white_gold_tower	Бело-Золотая башня, Белый Золотой
white_gold_tower_wine	Вино «Бело-Золотая башня»
white_phial	Белая склянка
white_phial_shop	Лавка «Белая склянка»
white_ridge_barrow	Курган Белого хребта
white_river_watch	Дозор Белой реки
whiterun	Вайтран
whiterun_imperial_camp	Имперский лагерь Вайтрана
whiterun_stables	Конюшни Вайтрана
whiterun_stormcloak_camp	Лагерь Братьев Бури Вайтрана
whitewatch_tower	Башня Белого дозора
widow's_watch_ruins	Руины Дозора вдовы
wild_grass_Pod	Стручки дикой травы
wild_hunt	Дикая охота
wind_and_sand	Ветер и песок
wind_stone	Камень ветра
windhelm	Виндхельм
windhelm_stables	Конюшни Виндхельма
windpeak_inn	Таверна «Пик ветра»
windward_ruins	Руины Наветренного склона
winterhold	Винтерхолд
winterhold_imperial_camp	Имперский лагерь Винтерхолда
winterhold_stormcloak_camp	Лагерь Братьев Бури Винтерхолда
wisp	Блуждающий огонёк
wisp_stalk_caps	Шляпки стеблей духов
wisp_wrappings	Обёртки духов
wispmother	Мать духов
witbane	Чернокнижник
witches	Ведьмы
witchmist_grove	Роща Ведьминого Тумана
withering_moon	Увядающая луна
wolf	
wolfskull_cave	Пещера Волчьего Черепа
worm_head_cap	Шляпка червивой головы
wraithguard	Страж-призрак
wreck_of_the_brinehammer	Обломки «Солёного молота»
wreck_of_the_icerunner	Обломки «Ледяного бегуна»
wreck_of_the_pride_of_tel_vos	Обломки «Гордости Тель Воса»
wreck_of_the_strident_squall	Обломки «Резкого шквала»
wreck_of_the_winter_war	Обломки «Зимней войны»
wulf_wild-blood's_house	Дом Вульфа Дикой Крови
wulfharth	Вульфхарт
wuuthrad	Вуутрад
yellow_book_of_riddles	Жёлтая книга загадок
yellow_mountain_flower	Жёлтый горный цветок
yffre	Й'ффре
yngol_and_the_sea-ghosts	Ингол и морские призраки
yngol_barrow	Курган Ингола
yngvild	Ингвильд, Ингвильда, Ингвильду, Ингвильдом, Ингвильде
yokuda	Йокуда, Йокуды, Йокуде, Йокудой
yorgrim_overlook	Йоргримский Утёс, Йоргримского Утёса, Йоргримскому Утёсу, Йоргримским Утёсом, Йоргримском Утёсе
ysgramor	Исграмор, Исграмора, Исграмору, Исграмором, Исграморе
ysgramor's_tomb	Гробница Исграмора, Гробницы Исграмора, Гробнице Исграмора, Гробницей Исграмора
ysolda's_house	Дом Исольды, Дома Исольды, Дому Исольды, Домом Исольды, Доме Исольды
zahkriisos	Закриисос, Закриисоса, Закриисосу, Закриисосом, Закриисосе
zen	Зена, Зену, Зеном, Зене
zenithar	Зенитар, Зенитара, Зенитару, Зенитаром, Зенитаре
zurin_arctus	Зурин Арктус, Зурина Арктуса, Зурину Арктусу, Зурином Арктусом, Зурине Арктусе
